name1,id,idName,name2,filter,race,class,loot,fltMajor,level,rare,getOld,equip,spCode,cBit1,cBit2,relation,sex,pic,pic2,color,portrait,alignment,rndName,elem,eleP,resist,aiCalm,aiMoveFreq,aiDistance,actHeal,actMain,actSub,aiSub,select,if_eaten,txtCalm,txtAggro,txtDead,txtKilled,txtWelcome,txtBye,cardType,cardAttb,cardSkill,domain
バグ,0,,bug,,slime,predator,humanoid,,1,100,400,,,,,,,168,0,,,,,,,,,,,,,,,Sp,,,,,,,,,,,
店主,1,,shopkeeper,/man/,norland,gunner,humanoid,,35,100,400,,,,,cNeutral,,140,141,,0,,n*,,,,aiDull,80,6,,,,,Shop,,,「ガード！ガード！」#{Guard! Guard!}\n「襲撃だ！」#{Ambush!}\n「強盗め！」#{You thief!},「命だけわぁ」#{Please spare my life.}\n「あぁぁ…」#{Ahhhh....},「あの世で後悔するがいい」#{Die thief.}\n「虫けらめ」#{You deserve this.},,,,,,
偽りの預言者『ゼーム』,2,,<Zeome> the false prophet,/man/,elea,warmage,humanoid,,55,100,400,eqWeapon1=63,,,,,0,297,0,,53,,,,,,,,,spHealAll,spMagicArrow actMelee spChaosBall,spSummon,20,SpUnique,,ひどくしゃがれた笑い声が聞こえる… #You hear raspy bitter laughter in the distance…,「愚かな！」#{Fool!},「ば、馬鹿な…！」#{Impossible!},「ふははははっ」#{Hahaha!},,,,,,
プチ,3,,putit,/slime/,slime,tourist,animal,fltSlime,1,80,400,,,cHorse,,,,168,0,,,,,,,resImm(acid),,,,,,,,,gosub *eatPutit,,, *ぷちゅ* #*putit*,,,,normal,2 2 2,,blue
ベスプチ,4,,red putit,/fire/slime/,slime,,animal,fltSlime,4,70,400,,,cHorse,,,,168,0,3,,,,,,resImm(acid),,,,,,,,,gosub *eatPutit,,, *ぷちゅ* #*putit*,,,,normal,3 3 3,,blue
野うさぎ,5,,rabbit,/wild/,rabbit,tourist,animal,,1,100,400,,,,,,,169,0,,,,,,,,,,,,,,,,,,,,,,,normal,1 1 1,,black
かたつむり,6,,snail,/wild/,snail,tourist,animal,,1,100,400,,,,,,,174,0,,,,,,,,,,,,,,,,,ズルズル…#*Zzzzle*,,,,,,,,,
敗残兵,7,,fallen soldier,/man/,norland,warrior,,,3,100,400,,,,,cDislike,,37,0,,0,,,,,,,,,,,,,,,,「なにしやがる！」#{What the hell!}\n「この野郎」#{You will regret this.}\n「今更謝っても遅いぞ」#{Ok  no turning back now.}\n「なめやがって」#{Now you die!}\n「上等だ！」#{Come on chicken.}\n「かかってこい、おらぁ」#{Huh.}\n「指一本触れて見やがれ」#{You touch me  you die.},「貴様…覚えていろ」#{You....you will pay for this someday...}\n「うわぁぁ」#{Nooo!}\n「人殺し！」#{A murderer!}\n「やめろー」#{Stop it!}\n「次があるとは思うなよ」#{F-forgive me...}\n「ひぃー」#{Arrr--rr...}\n「命だけは助けてくれー」#{D-don't!},「いいざまだ」#{Look at you.}\n「出直して来い」#{Bye bye.},,,,,,
傭兵,8,,mercenary,/man/,norland,warrior,,,4,100,400,,,,,cDislike,,139,178,,0,,,,,,,,,,,,,Town,,,「なにしやがる！」#{What the hell!}\n「この野郎」#{You will regret this.}\n「今更謝っても遅いぞ」#{Ok  no turning back now.}\n「なめやがって」#{Now you die!}\n「上等だ！」#{Come on chicken.}\n「かかってこい、おらぁ」#{Huh.}\n「指一本触れて見やがれ」#{You touch me  you die.},「貴様…覚えていろ」#{You....you will pay for this someday...}\n「うわぁぁ」#{Nooo!}\n「人殺し！」#{A murderer!}\n「やめろー」#{Stop it!}\n「次があるとは思うなよ」#{F-forgive me...}\n「ひぃー」#{Arrr--rr...}\n「命だけは助けてくれー」#{D-don't!},「いいざまだ」#{Look at you.}\n「出直して来い」#{Bye bye.},,,,,,
乞食,9,,beggar,/man/,norland,tourist,,,2,100,400,,,cDropGold,,cDislike,,102,103,,0,,n*,,,,,,,,,,,Town,,,「やめて下さい、旦那」#{P-please  no sir...}\n「ひぃ！」#{Waaaa!}\n「私を殺しても何の得にもならないよ」#{You get nothing from killing me...}\n「馬鹿にするな！」#{Don't make a fool of me!}\n「なぜこんなことを！」#{Why are you doing this?}\n「暴力反対！」#{A violent revolution!}\n「ちょ、ちょっと…！」#{W-w-what...!},「殺生な！」#{You are cruel.}\n「ぐわぁ」#{Ahhhh!}\n「なんでこんな目に…」#{I don't deserve this...}\n「ひどい」#{It's unfair.}\n「乞食だからって…」#{Beggars always cry...}\n「私の人生っていったい」#{My life is pathetic.},「よわ！」#{Weak! Weak!}\n「何がしたかったんだ？」#{Huh?}\n「ははは！」#{Ha ha ha!},,,,,,
羊,10,,wild sheep,/wild/,sheep,tourist,animal,,1,30,400,,,,,,,170,0,,,,,,,,,,,,,,,,,,,,,,,,,,
飛び蛙,11,,flying frog,/wild/,frog,tourist,animal,,2,100,400,,,cFloat,,,,172,0,,,,,,,,,,,,,,,,,,,,,,,,,,
ごろつき,12,,gangster,/man/,yerles,,humanoid,,3,100,400,,,,,,,31,36,,0,,n*,,,,,,,,,,,,,,「チキショー」\n「カモンベイベー」\n「ウラァ」\n「ヘドぶち吐きなッ！」\n「さあ、お仕置きの時間だよ」\n「コラー」,「逃げろぉぉ」\n「お前プッツンしてるぜ」\n「くそったれー」\n「やめてくれー」\n「うそだー」\n「俺は負けんのだぁ」,「二度と俺を馬鹿にするな」\n「ギャハハハハ！」\n「ゴゥトゥヘル」,,,,,,
コボルト,13,,kobold,,kobolt,warrior,humanoid,fltKobolt,3,100,400,,,,,,,171,0,,,,,,,,,,,,,,,,gosub *eatPoison,,,,,,,,,,
ムカデ,14,,centipede,,centipede,,insect,,4,100,400,,,,,,,173,0,,,,,,,,,,,,,,,,gosub *eatPoison,,,,,,,,,,
きのこ,15,,mushroom,,mushroom,,insect,,4,50,400,,,,,,,177,0,,,,,,,,aiStand,0,2,,actWaitMelee actWaitMelee actAttackDist4,,,,,,,,,,,,,,
市民,16,,citizen,/man/,yerles,warrior,humanoid,,5,100,400,,,,,cNeutral,,136,137,,0,,n*,,,,,,,,,,,Shop,,,「何をするんですか！」\n「野蛮人！」\n「私だって」,「私は善良な市民だったのに」#{I was a good citizen.}\n「くそめ」#{Go to hell!}\n「まいった」#{I give up.}\n「ぐえ」#{Nooooo.....}\n「嘘でしょ」#{Is it a joke?}\n「なぜなんだー」#{Why me.}\n「何の冗談ですか」#{W-What have you done!},「市民パワー」\n「ぺっ」,,,,,,
オーク,17,,orc,,orc,,humanoid,fltOrc,5,100,400,,,,,,,165,0,17,,,,,,,,,,,,,,,,,,,,,,,,,
エレアの戦士,18,,warrior of Elea,/man/,elea,warrior,humanoid,fltElea,5,100,400,,,,,,,3,34,,0,,,,,,,,,,,,,,,,,,,,,,,,
マンドレイク,19,,mandrake,,mandrake,,insect,,5,100,400,,,,,,,175,0,,,,,,,,,,,,,,,,gosub *eatMandrake,,,,,,,,,,
オークの戦士,20,,orc warrior,,orc,warrior,humanoid,fltOrc,10,100,400,,,,,,,165,0,,,,,,,,,,,,,,,,,,,,,,,,,,
ゾンビ,21,,zombie,/undead/,zombie,predator,humanoid,fltZombie,8,100,400,,,,,,,167,0,,,,,,,,,,,,,,,,gosub *eatRotten,,,,,,,,,,
かぶと虫,22,,beetle,,beetle,predator,insect,,5,100,400,,,,,,,176,0,,,,,,,,,,,,,,,,gosub *eatBeetle,,,,,,,,,,
混沌の寵児『オルフェ』,23,,<Orphe> the chaos child,/man/god/,juere,warrior,humanoid,,20,1,400,eqWeapon1=64,,,,cNeutral,0,331,0,,51,,,,,,,,,,,,,SpUnique,,何かがクスクスと笑った。#You hear childish laughter  only it's oddly distorted in some eldritch manner\nあなたは誰かに見つめられている感じがした。#You have been looking for someone like this…,オルフェ 「お前がこうすることを、予期していなかったとでも？」\nオルフェ 「さあ、少しは楽しませてくれ」,オルフェ「こんな結末があるとは…」, *クスクス* ,,,,,,
エレアの魔術士,24,,wizard of Elea,/man/,elea,wizard,humanoid,fltElea,5,100,400,,,,,,,47,42,,0,,,,,,,,,,actMelee spMagicArrow,spNerveArrow spShortTeleport,20,,,,,,,,,,,,
オークの隊長『ゴダ』,25,,<Goda> the captain of orc,,orc,warrior,humanoid,fltOrc,25,100,400,,,cTemper,,,,165,0,3,,,,,,,,,,,,,,Unique,,,,,,,,,,,
『マッドサイエンティスト』,26,,<Mad scientist>,/man/,norland,wizard,humanoid,,6,1,400,,,,,,0,332,0,,6,,,,,,,,,,,,,Unique,,,,,,,,,,,
堕天使『イスカ』,27,,<Isca> the fallen angel,/man/god/,norland,archer,humanoid,,42,1,400,,,,,,1,333,0,,51,,,,,,,,,,,,,Unique,,,,,,,,,,,
『虚空を這いずる者』,28,,<Whom dwell in the vanity>,/man/,juere,warrior,humanoid,,78,1,400,eqWeapon1=73,,,,cNeutral,0,334,0,,50,,,,,,,,,,,,,SpUnique,,あなたはひどい無力感に襲われた。#You have been struck by a terrible feeling of powerlessness. \n重たい空気が辺りに漂っている。しかし希望はまだ失われてはいない、とあなたは感じた。#The air around here is heavy and sorrowful. But you somehow feel not all is lost.\n「エリシェ…なぜ……お前が…」#{Elishe...why did it have to be you...},『虚空を這いずる者』はあなたに冷ややかな視線を送った。#You are like a rabbit fascinated by a snake.\n「くだらない…」と誰かが言った。#Someone mutters. {Worthless.}\nあなたは死を覚悟した。#You sense death.,「やっと…これでお前の元に…」#{Finally...I come to you...Elishe...},『虚空を這いずる者』は深いため息をついた。「…また生き延びてしまった」#{I live again...in vain.},,,normal,6 5 6,,white
ザナンの紅の英雄『ロイター』,29,,<Loyter> the crimson of Zanan,/man/,juere,warrior,humanoid,,50,1,400,,,,,cNeutral,0,337,0,,49,,,,,,,,,,,,,SpUnique,,ロイター「…情けないな！」#Loyter grumbles incessantly. {How he sounds so miserable...}\n誰かが呟く声が聞こえる。#You hear someone muttering sulfurously somewhere\nロイター「まだあの男に未練があるのか？」#Loyter mutters to himself. {Why are you still attached to him...},「馬鹿な奴だ！」#{Oh what a jerk.}\n「身の程を思い知らせやる」#{Die like a maggot you are.},「俺が…奴以外の者に負けるだと？」#{You are shit.},「もう終わりか？」#{Huh? Done already?},,,,,,
見習い『ミシェス』,30,,<Miches> the apprentice,/man/,norland,archer,humanoid,,20,100,400,,,,,cNeutral,1,8,0,,50,,,,,,,,,,,,,SpUnique,,小鳥のさえずりのような笑い声がする。#You hear childish laughter nearby\n「ねえ、君って面白い顔してるね」#{You know your face is funny looking. Were you born that way?}\n「旅は楽しい？」#{How are your travels? I'd love to go but I'm stuck here...}\n「退屈だよ。どこかに連れていって欲しいな」#{I'm so bored. Maybe we can play a game of Purits & Yeeks later.},「何するのよ、変態！」#{You molester!}\n「いや！」#{Stop it!},「だめぇ…」#{N-Nooo...},「なーんだ、弱いじゃない」#{You are so weak.},,,,,,
看板娘『シーナ』,31,,<Shena> the draw,/man/,juere,warrior,humanoid,,20,100,400,,,,,cNeutral,1,109,0,,49,,,,,,,,,,,,,SpUnique,,「お酒いかが〜」#{Come on in! The ale is flowing well tonight!}\n「やだっ。どこ触ってるんですか」#{Hey! Keep yer stinking hands of the serving ladies!}\n *ざわざわ* #The rowdy crowd is making a fair bit of noise tonight\n盃を交わす音が聞こえる。#You hear the sound of tankerds striking in a toast ,「ちょっと飲みすぎですよ！」#{You are drinking too much!}\n「いい加減怒りますからね」#{Stop it before I get angry.},「なんであたしがこんな目に…」#{Why me?},「キャー！お客さま、大丈夫ですか？！#{Ahhh! Are you alright  sir?},,,,,,
『ダンジョンクリーナー』,32,,<Dungeon cleaner>,,norland,warrior,humanoid,,20,100,400,,,,,cNeutral,0,344,0,,,,,,,,,,,,,,,Unique,,*ぶ〜ん* #*bzzzz*whirrrrrrr*click*\n何かが高速で回転している。#Something is buffing the floor at an inhuman speed,「Target Acquired.」#{Target accuired!}\n「Resistance is futile!」#{Resistance is futile!},「Pwned!」#{Pwned!},「wtf」#{WTF},,,,,,
風を聴く者『ラーネイレ』,33,,<Larnneire> the listener of wind,/man/,elea,warmage,humanoid,,20,100,400,eqWeapon1=206,,,,cNeutral,1,345,0,,48,,,,,,,,,,,spNerveArrow,25,SpUnique,,「獣に変えられた王子の童話をしっているかしら？」#{You know the fairy tale where a wicked witch transforms a dashing prince into an monster?}\n痺れるほど美しいエレアの横顔にあなたは見とれた。#The stunning beauty of Elea's face halts your step a moment.\n「この世界は今、大きく変わろうとしているの」#{The world is thrown into bedlam and chaos. We must remain strong in the face of it.}\n「ヴェルニースで見かけたあの男…まさか…」#{The man we saw in Vernis  he just might be...}\n神秘的な古代の言葉で誰かが囁いた。#Someone mutters in mysterious ancient language.\n「あなたはプライドが高すぎるのよ。ただでさえエレアは異端視されているのに」#{Eleas is already being regarded as a heretic  your lofty dignity isn't helping this.},「なぜ戦わなければならないの？」#{Do we really have to fight?}\n「悪いけど、遊んでいる暇は無いの」#{Sorry  I don't have time for this.}\nエレアの少女は凍りつくような美しい瞳をとがらせた。#The Elean little girl has an angry look in her beautiful cold eyes.,「うぅ…誰かが…ジャビ王に風の異変を伝えなければ…このままでは…」#{A-ah...I failed my task...this world....this world will....},「ごめんなさい…」#{Sorry...},,,,,,
異形の森の使者『ロミアス』,34,,<Lomias> the messenger from Vindale,/man/,elea,archer,humanoid,,20,100,400,eqWeapon1 =1\neqRange =207\neqAmmo =fltAmmoBow .fixGood ,,,,cNeutral,0,346,0,,57,,,,,,,60,3,,,spSpeedDown,15,SpUnique,,「異形の森、か…。我等のもたらす真実を、彼らはどう受け止めるか」#{Wait'll they hear the news we bring. And they think they have problems. Hah!}\n「この洞窟は、なかなか住み心地がよさそうじゃないか」#{Hey... This is a fine looking cave. I oughta enquire about it sometime. Everyone needs a hideaway...}\n「ヴェルニースの炭鉱街までは、子供の足でも一日でたどり着けるだろう」#{Pah! It would take a child less than a day to walk to Vernis  we won't be late.}\n「あの酒場の娘にはまいったな！」#{Man  that girl at the pub... She could clean my glass if you know what I mean!}\n誰かが弓矢を手入れする音が聞こえた。#You hear someone testing the string of his bow.,「恩を仇で返すとはこのことだ」#{You repay kindness with ingratitude?}\n「貴様、かの者の手先だったのか？」#{Do you really mean it?},「おいおい、冗談だろう…」#{Jesus...you are kidding...},「世の中には、おかしな奴がいるものだ」#{There's always someone I can never understand.},,,,,,
街の子供,35,,town child,/man/,norland,tourist,,,1,100,400,,,,,cDislike,,104,357,,0,,n*,,,,,,,,,,,Town,,,「たすけてー」#{H-help-!}\n「や、やめて」#{No no!}\n「悪の手先だ！」#{You are evil.}\n「変質者！」#{Pervert!}\n「わ、わわあ」#{G-g-go away!}\n「なんで叩くの？」#{Why are you teasing me?}\n「大人はこれだから」#{Adults.},「おかーさん…」#{Mom....}\n「えーん」#{A---ahh-}\n「地獄に落ちろ！」#{Go to hell!}\n「わぁぁん」#{Waaaan!}\n「うぐぅ！」#{Urghhh!}\n「もっと…生きたかった…」#{My life ends here.}\n「先立つ不幸をお許し下さい…」#{Sorry  mom  dad....},「この人よわーい」#{Weak! You are weak!},,,,,,
老人,36,,old person,/man/,norland,tourist,,,1,100,400,,,,,cDislike,,106,107,,0,,n*,,,,,,,,,,,Town,,,「止めてくだされ」#{Stop it  please.}\n「ご無体な」#{Unreasonable!}\n「なんと卑劣な」#{You foul scum.}\n「たわけ！」#{Fool!}\n「いまどきの若者は…」#{Youngsters.}\n「老人をいたわれ！」#{Respect elders!}\n「金などもっていないんじゃ」#{Leave me alone.},「神様はみておるぞ！」#{God will punish you.}\n「わしの老後が…」#{My remaining years...}\n「鬼！」#{Demon!}\n「ぐほぉ」#{Grrhhh}\n「化けて出ちゃるぞ」#{I hate this planet.}\n「わしゃ死んだのか」#{Am I dead?},「なんとよわっちぃ奴じゃ」#{Holy...why are you so weak?}\n「いまどきの若者はなっとらんのぉ」#{Muwahahaha!},,,,,,
＠,37,,@,/man/,norland,predator,humanoid,,1,100,400,,,,,,0,347,0,,53,,,,,,,,,,,,,Sp,gosub *eatPlayer,「Ｑｙ＠」#{Qy@},「Ｑｙ＠！！」#{Qy@!!},「Ｑ…Ｑｙ＠…」#{Q...Qy...@},「Ｑｙ＠！」#{Qy@!},,,,,,
長,38,,elder,/man/,norland,gunner,humanoid,,20,100,400,,,,,cNeutral,,142,143,,0,,n*,,,,aiDull,,,,,,,Shop,,,,「私は善良な市民だったのに」#{I was a good citizen.}\n「くそめ」#{Go to hell!}\n「まいった」#{I give up.}\n「ぐえ」#{Nooooo.....}\n「嘘でしょ」#{Is it a joke?}\n「なぜなんだー」#{Why me.}\n「何の冗談ですか」#{W-What have you done!},,,,,,,
市民,39,,citizen,/man/,yerles,warrior,humanoid,,5,100,400,,,,,cNeutral,,134,135,,0,,n*,,,,,,,,,,,Shop,,,「何をするんですか！」\n「野蛮人！」\n「私だって」,「私は善良な市民だったのに」#{I was a good citizen.}\n「くそめ」#{Go to hell!}\n「まいった」#{I give up.}\n「ぐえ」#{Nooooo.....}\n「嘘でしょ」#{Is it a joke?}\n「なぜなんだー」#{Why me.}\n「何の冗談ですか」#{W-What have you done!},「市民パワー」\n「ぺっ」,,,,,,
トレイナー,40,,trainer,/man/,norland,warrior,humanoid,,40,100,400,,,,,cNeutral,,7,10,,0,,n*,,,,aiDull,,,,,,,Shop,,,,「私は善良な市民だったのに」#{I was a good citizen.}\n「くそめ」#{Go to hell!}\n「まいった」#{I give up.}\n「ぐえ」#{Nooooo.....}\n「嘘でしょ」#{Is it a joke?}\n「なぜなんだー」#{Why me.}\n「何の冗談ですか」#{W-What have you done!},,「準備はいいかい？いくぞ！」,,,,,
魔術士,41,,wizard,/man/,norland,wizard,humanoid,,5,100,400,,,,,cNeutral,,13,14,,0,,n*,,,,aiDull,,2,,spMagicArrow spNetherArrow,spDaze spSpeedDown spHolyVeil,10,Shop,,,,,,,,,,,
コウモリ,42,,bat,/wild/,bat,,animal,,1,100,400,,,cFloat,,,,200,0,,,,,,,,,80,2,,,,,,,,,,,,,,,,
吸血コウモリ,43,,vampire bat,/wild/,bat,predator,animal,,10,70,400,,,cFloat,,,,200,0,3,,,,,,resImm(nether),,60,2,,actMelee actDrainBlood,,,,,,,,,,,,,,
ドラゴンバット,44,,dragon bat,/wild/fire/dragon/,bat,predator,animal,,30,60,400,,,cFloat,,,,200,0,4,,,,,,,,60,2,,,,,,,,,,,,,,,,
火炎樹,45,,fire ent,/fire/,ent,predator,animal,,15,100,400,,,,,,,201,0,16,,,,fire,200,resWeak(cold):resImm(fire),,100,1,,,,,,if rnd(3)=0:resistMod cc/rsResFire/resistGrade,,,,,,,,,,
氷結樹,46,,ice ent,,ent,predator,animal,,15,100,400,,,,,,,201,0,17,,,,cold,200,resWeak(fire):resImm(cold),,100,1,,,,,,if rnd(3)=0: resistMod cc/rsResCold/resistGrade,,,,,,,,,,
リッチ,47,,lich,/undead/,lich,wizard,lich,,20,60,400,,,,,,,202,0,,,,,,,,,60,1,,actMelee spMagicArrow spIceBolt spDarknessBolt,spShortTeleport,30,,gosub *eatRotten,,,,,,,,,,
マスターリッチ,48,,master lich,/undead/,lich,wizard,lich,,30,50,400,,,,,,,202,0,16,,,,,,,,60,1,,actMelee spMagicArrow spIceBolt spDarknessBolt spWeakEle,spShortTeleport,30,,gosub *eatRotten,,,,,,,,,,
デミリッチ,49,,demi lich,/undead/,lich,wizard,lich,,45,40,400,,,,,,,202,0,17,,,,,,,,60,1,,actMelee spMagicArrow spIceBolt spDarknessBolt,spShortTeleport,30,,gosub *eatRotten,,,,,,,,,,
猟犬,50,,hound,/wild/,hound,predator,animal,,5,80,400,eqTwoHand=true,,cHorse,,,,203,0,6,,,,,,,,30,2,,,,,,,,,,,,,,,,
ファイアハウンド,51,,fire hound,/wild/fire/,hound,predator,animal,fltHoundFire,10,70,400,,,cHorse,,,,203,0,3,,,,,,resWeak(cold):resImm(fire),,30,2,,,actBreathFire,12,,,,,,,,,,,,
アイスハウンド,52,,ice hound,/wild/,hound,predator,animal,fltHoundIce,10,70,400,,,cHorse,,,,203,0,12,,,,,,resWeak(fire):resImm(cold),,30,2,,,actBreathCold,12,,,,,,,,,,,,
ライトニングハウンド,53,,lightning hound,/wild/,hound,predator,animal,fltHoundLightning,12,70,400,,,cHorse,,,,203,0,5,,,,,,resImm(lightning),,30,2,,,actBreathLightning,12,,,,,,,,,,,,
ダークハウンド,54,,dark hound,/wild/,hound,predator,animal,fltHoundDarkness,12,70,400,,,cHorse,,,,203,0,4,,,,,,resImm(darkness),,30,2,,,actBreathDarkness,12,,,,,,,,,,,,
幻惑ハウンド,55,,illusion hound,/wild/,hound,predator,animal,fltHoundMind,18,50,400,,,cHorse,,,,203,0,10,,,,,,resImm(mind),,30,2,,,actBreathMind,12,,,,,,,,,,,,
神経ハウンド,56,,nerve hound,/wild/,hound,predator,animal,fltHoundNerve,18,50,400,,,cHorse,,,,203,0,9,,,,,,resImm(nerve),,30,2,,,actBreathNerve,12,,,,,,,,,,,,
ポイズンハウンド,57,,poison hound,/wild/,hound,predator,animal,fltHoundPoison,15,50,400,,,cHorse,,,,203,0,2,,,,,,resImm(poison),,30,2,,,actBreathPoison,12,,,,,,,,,,,,
轟音ハウンド,58,,sound hound,/wild/,hound,predator,animal,fltHoundSound,22,40,400,,,cHorse,,,,203,0,11,,,,,,resImm(sound),,30,2,,,actBreathSound,12,,,,,,,,,,,,
地獄ハウンド,59,,nether hound,/wild/,hound,predator,animal,fltHoundNether,25,40,400,,,cHorse,,,,203,0,15,,,,,,resImm(nether),,30,2,,,actBreathNether,12,,,,,,,,,,,,
カオスハウンド,60,,chaos hound,/wild/,hound,predator,animal,fltHoundChaos,30,40,400,,,cHorse,,,,203,0,18,,,,,,resImm(chaos),,30,2,,,actBreathChaos,12,,,,,,,,,,,,
巨大リス,61,,giant squirrel,/wild/,rabbit,predator,animal,,4,100,400,,,,,,,204,0,6,,,,,,,,100,1,,,,,,gosub *eatHealSan,,,,,,,,,,
殺人リス,62,,killer squirrel,/wild/,rabbit,predator,animal,,10,100,400,,,,,,,204,0,3,,,,,,,,100,1,,,,,,gosub *eatHealSan,,,,,,,,,,
怨念,63,,grudge,/undead/,ghost,,humanoid,,7,100,400,,,cFloat,,,,205,0,,,,,,,,,100,1,,actMelee actTouchWeaken,spSpeedDown spWeakArmor,10,,gosub *eatGhost,,,,,,,,,,
餓鬼,64,,hungry demon,/undead/,ghost,,humanoid,,3,70,400,,,cFloat,,,,205,0,2,,,,,,,,100,1,,actMelee actTouchHunger,,,,gosub *eatGhost,,,,,,,,,,
放電雲,65,,electric cloud,,spirit,,animal,,12,100,400,,,cFloat cResFear,,,,206,0,5,,,,,,resImm(lightning),,70,1,,actMelee spLightningBolt actBreathLightning,,,,if rnd(4)=0 : resistMod cc/rsResLightning/resistGrade,,,,,,,,,,
混沌の塊,66,,chaos cloud,,spirit,,animal,,30,100,400,,,cFloat cResFear,,,,206,0,18,,,,chaos,300,resImm(chaos),,70,1,,actMelee spChaosBall,,,,gosub *eatChaos\nif rnd(5)=0:resistMod cc/rsResChaos/resistGrade,,,,,,,,,,
フローティングアイ,67,,floating eye,,eye,,animal,,2,80,400,,,cFloat cResFear,,,,207,0,,,,,nerve,250,resImm(mind.nerve),aiStand,15,1,,actWaitMelee,,,,gosub *eatEye\nif rnd(3)=0:resistMod cc/rsResNerve/resistGrade,,,,,,,,,,
ワイバーン,68,,wyvern,/dragon/,wyvern,predator,drake,,20,50,400,,,cFloat,,,,235,0,,,,,,,resImm(fire),,80,1,,,actBreathFire,15,,,,,,,,,,,,
情報屋,69,,informer,/man/,norland,warrior,humanoid,,20,100,400,,,,,cNeutral,,15,16,,0,,n*,,,,aiDull,,,,,,,Shop,,,,「私は善良な市民だったのに」#{I was a good citizen.}\n「くそめ」#{Go to hell!}\n「まいった」#{I give up.}\n「ぐえ」#{Nooooo.....}\n「嘘でしょ」#{Is it a joke?}\n「なぜなんだー」#{Why me.}\n「何の冗談ですか」#{W-What have you done!},,,,,,,
バーテンダー,70,,bartender,/man/,norland,gunner,humanoid,,20,100,400,,,,,cNeutral,,144,145,,0,,n*,,,,aiDull,,,,,,,Sp,,カクテルをシェイクする音が聞こえる。#You hear the sound of cocktail shakers.\n「一杯どうだい？」#{How 'bout a drink sir?}\n「年季物のクリムエールがあるよ」#{We got vintage crim ales.}\n酒場は多くの人でにぎわっている。#The bar is crowded with people.,「この酔っ払いめ！」#{Hey  stop it drunkard.}\n「悪酔いはいけませんよ」#{Are you sick from drinking too much?},「酔っ払いごときに…」#{I got killed by a drunkard.}\n「ふざけた運命だ」#{This is ridiculous.},「酔いは覚めましたか？」#{Sober up now huh?},「お帰りですか。美味い酒を用意してありますよ」#{Welcome home. I've got some decent ales for you.}\n「お疲れだったでしょう。冷酒でもどうですか」#{Are you tired? How'bout a drink?},,,,,
水夫,71,,sailor,/man/,norland,thief,humanoid,,5,100,400,,,,,cNeutral,,120,121,,0,,n*,,,,,,,,,,,Shop,,,,「私は善良な市民だったのに」#{I was a good citizen.}\n「くそめ」#{Go to hell!}\n「まいった」#{I give up.}\n「ぐえ」#{Nooooo.....}\n「嘘でしょ」#{Is it a joke?}\n「なぜなんだー」#{Why me.}\n「何の冗談ですか」#{W-What have you done!},,,,,,,
船長,72,,captain,/man/,norland,warrior,humanoid,,5,100,400,,,,,cNeutral,0,119,0,,0,,n*,,,,,,,,,,,Sp,,,,「私は善良な市民だったのに」#{I was a good citizen.}\n「くそめ」#{Go to hell!}\n「まいった」#{I give up.}\n「ぐえ」#{Nooooo.....}\n「嘘でしょ」#{Is it a joke?}\n「なぜなんだー」#{Why me.}\n「何の冗談ですか」#{W-What have you done!},,,,,,,
アリーナマスター,73,,arena master,/man/,norland,warrior,humanoid,,40,100,400,,,,,cNeutral,0,41,0,,0,,n*,,,,aiDull,,,,,,,Shop,,,,「私は善良な市民だったのに」#{I was a good citizen.}\n「くそめ」#{Go to hell!}\n「まいった」#{I give up.}\n「ぐえ」#{Nooooo.....}\n「嘘でしょ」#{Is it a joke?}\n「なぜなんだー」#{Why me.}\n「何の冗談ですか」#{W-What have you done!},,,,,,,
癒し手,74,,healer,/man/,norland,warrior,humanoid,,20,100,400,,,,,cNeutral,1,69,0,,0,,n*,,,,aiDull,,,,,,,Shop,gosub *eatHoly,,,「私は善良な市民だったのに」#{I was a good citizen.}\n「くそめ」#{Go to hell!}\n「まいった」#{I give up.}\n「ぐえ」#{Nooooo.....}\n「嘘でしょ」#{Is it a joke?}\n「なぜなんだー」#{Why me.}\n「何の冗談ですか」#{W-What have you done!},,「お怪我はありませんか？」#{Are you wonded?}\n「無事な姿で何よりです。おかえりなさい」#{Good to see you again. Welcome home.},,,,,
戦士,75,,warrior,/man/,norland,warrior,humanoid,,5,100,400,,,,,cNeutral,,21,20,,0,,n*,,,,,,,,,,,Shop,,,,,,,,,,,
ガード,76,,guard,/man/,norland,archer,humanoid,,40,100,400,,,,,cNeutral,,363,0,,0,,n*,,,,,50,,,,,,TownSp,gosub *eatGuard,,「お尋ね者だ！」#{Stop there criminal!}\n「犯罪者め、おとなしくしろ」#{You scum! Stay there.}\n「のこのこ現れるとはな！」#{You are under arrest.}\n「罪をつぐなってもらおう」#{You will pay for your sin.},「私は善良な市民だったのに」#{I was a good citizen.}\n「くそめ」#{Go to hell!}\n「まいった」#{I give up.}\n「ぐえ」#{Nooooo.....}\n「嘘でしょ」#{Is it a joke?}\n「なぜなんだー」#{Why me.}\n「何の冗談ですか」#{W-What have you done!},,,,,,,
ガード,77,,guard,/man/,yerles,archer,humanoid,,40,100,400,,,,,cNeutral,,25,0,,0,,n*,,,,,50,,,,,,TownSp,gosub *eatGuard,,「お尋ね者だ！」#{Stop there criminal!}\n「犯罪者め、おとなしくしろ」#{You scum! Stay there.}\n「のこのこ現れるとはな！」#{You are under arrest.}\n「罪をつぐなってもらおう」#{You will pay for your sin.},「私は善良な市民だったのに」#{I was a good citizen.}\n「くそめ」#{Go to hell!}\n「まいった」#{I give up.}\n「ぐえ」#{Nooooo.....}\n「嘘でしょ」#{Is it a joke?}\n「なぜなんだー」#{Why me.}\n「何の冗談ですか」#{W-What have you done!},,,,,,,
パペット,78,,puppet,,eulderna,predator,humanoid,,15,100,400,,,,,,,209,0,,,,,,,,,40,3,,,spWeakArmor spSpeedDown spWeakEle,20,,,,,,,,,,,,
パルミア王妃『スターシャ』,79,,<Stersha> the queen of Palmia,/man/,norland,warrior,humanoid,,25,100,400,,,,,cNeutral,1,117,0,,54,,,,,,,,,,,,,SpUnique,,荘厳な感じが漂っている。#The quiet majesty of the room makes you feel small and grubby\n辺りは厳重に警備されている。#You note just how alert and well armed the guards are\n宮廷から華麗な音楽の響きが聞こえる。#Somewhere  a harpsicord is playing a tune befitting nobility,「おやめなさい！」\n「皆の者、この曲者をどうにかするのです」,「無念じゃ…」,「さあ、この見苦しい死体を片付けるのです」,,,,,,
パルミア王『ジャビ』,80,,<Xabi> the king of Palmia,/man/,norland,warrior,humanoid,,35,100,400,,,,,cNeutral,0,116,0,,55,,,,,,,,,,,,,SpUnique,,,「おお、乱心者だ！」\n「近衛兵、何をしている。奴をとらえよ！」\n「血迷ったか！」,「役に立たない兵どもだ」,「愚か者め」,,,,,,
ワスプ,81,,wasp,,wasp,,insect,,5,100,400,,,cFloat,,,,210,0,,,,,,,,,30,2,,,actTouchPoison,30,,,,,,,,,,,,
レッドワスプ,82,,red wasp,/fire/,wasp,,insect,,10,100,400,,,cFloat,,,,210,0,3,,,,,,,,30,2,,,actTouchNerve,30,,,,,,,,,,,,
サイクロプス,83,,cyclops,,giant,warrior,humanoid,,22,60,400,,,cTemper,,,,232,0,,,,,,,,,85,1,,,,,,gosub *eatEND\nskillExp rsEND/cc/500,,,,,,,,,,
タイタン,84,,titan,,giant,warrior,humanoid,,40,50,400,,,cTemper,,,,232,0,16,,,,,,,,85,1,,,,,,gosub *eatEND\nskillExp rsEND/cc/800,, *ドスン* #*THUMP*,,,,,,,,
インプ,85,,imp,/fire/,imp,,humanoid,,7,100,400,,,cFloat,,,,212,0,16,,,,,,,,50,2,,actMelee actMelee spMagicArrow,spShortTeleport spWeakEle,15,,gosub *eatMAG\nskillExp rsMAG/cc/500,,,,,,,,,,
冥界の使い,86,,nether imp,/god/,imp,,humanoid,,16,100,400,,,cFloat,,,,212,0,4,,,,,,,,50,2,,actMelee spNetherArrow spMagicArrow,spShortTeleport,15,,gosub *eatMAG\nskillExp rsMAG/cc/500,,,,,,,,,,
カオスインプ,87,,chaos imp,,imp,,humanoid,,27,100,400,,,cFloat,,,,212,0,18,,,,,,,,50,2,,actMelee spChaosArrow spMagicArrow,spShortTeleport,15,,gosub *eatMAG\nskillExp rsMAG/cc/500,,,,,,,,,,
亡者の手,88,,hand of the dead,/undead/,hand,,humanoid,,4,100,400,,,,,,,213,0,,,,,darkness,80,,aiStand,25,3,,actWaitMelee,actDraw actTouchWeaken ,20,,gosub *eatSTR\nskillExp rsSTR/cc/400,,,,,,,,,,
混沌の手,89,,hand of the chaos,/undead/,hand,,humanoid,,11,100,400,,,,,,,213,0,18,,,,chaos,180,,aiStand,25,3,,actWaitMelee,actDraw,20,,gosub *eatSTR\nskillExp rsSTR/cc/400,,,,,,,,,,
殺人鬼の手,90,,hand of the murderer,/undead/,hand,warrior,humanoid,,15,100,400,eqTwoHand=true,,,,,,213,0,16,,,,,,,aiStand,25,3,,actWaitMelee,actDraw spWeakArmor,20,,gosub *eatSTR\nskillExp rsSTR/cc/400,,,,,,,,,,
亡霊,91,,ghost,/undead/,ghost,,humanoid,,5,100,400,,,cFloat,,,,214,0,,,,,nether,80,,,100,1,,actMelee actTouchFear actTouchWeaken,,,,gosub *eatWil\nskillExp rsWIL/cc/250,,,,,,,,,,
ニンフ,92,,nymph,/undead/,ghost,,humanoid,,13,100,400,,,cFloat,,,,214,0,5,,,,mind,200,resImm(Cold),,60,1,,actTouchSleep actTouchSleep spIceBolt actBreathCold,,,,gosub *eatWil\nskillExp rsWIL/cc/400,,,,,,,,,,
人食い花,93,,man eater flower,,mandrake,,insect,,8,100,400,,,,,,,215,0,,,,,mind,200,,aiStand,20,1,,actWaitMelee,,,,,,,,,,,,,,
カオスフラワー,94,,chaos flower,,mandrake,,insect,,19,100,400,,,,,,,215,0,10,,,,chaos,250,,aiStand,20,1,,actWaitMelee,,,,,,,,,,,,,,
コブラ,95,,cobra,/wild/,snake,,animal,,10,100,400,,,,,,,216,0,17,,,,,,,,100,1,,,actTouchPoison,30,,gosub *eatPoison \nif rnd(6)=0 : resistMod cc/rsResPoison/resistGrade,,,,,,,,,,
キングコブラ,96,,king cobra,/wild/,snake,,animal,,18,100,400,,,,,,,216,0,16,,,,,,,,100,1,,,actTouchPoison,30,,gosub *eatPoison \nif rnd(6)=0 : resistMod cc/rsResPoison/resistGrade,,,,,,,,,,
ファイアドレイク,97,,fire drake,/fire/dragon/,drake,,drake,,16,100,400,,,,,,,233,0,3,,,,,,resImm(fire),,100,1,,,actBreathFire,20,,,,,,,,,,,,
アイスドレイク,98,,ice drake,/dragon/,drake,,drake,,16,100,400,,,,,,,233,0,,,,,,,resImm(cold),,100,1,,,actBreathCold,20,,,,,,,,,,,,
レッサーマミー,99,,lesser mummy,/undead/,zombie,,humanoid,fltMummy,7,100,400,,,,,,,219,0,,,,,,,,,100,1,,,actTouchFear actTouchWeaken,20,,gosub *eatRotten,,,,,,,,,,
マミー,100,,mummy,/undead/,zombie,warrior,humanoid,fltMummy,14,100,400,,,,,,,219,0,10,,,,,,,,100,1,,,actTouchFear actTouchWeaken,20,,gosub *eatRotten,,,,,,,,,,
グレイターマミー,101,,greater mummy,/undead/,zombie,warrior,humanoid,fltMummy,22,100,400,,,,,,,219,0,5,,,,,,,,100,1,,,actTouchFear actTouchWeaken,20,,gosub *eatRotten,,,,,,,,,,
ゴブリン,102,,goblin,,goblin,,humanoid,fltGoblin,2,100,400,,,,,,,220,0,16,,,,,,,,100,1,,,,,,,,,,,,,,,,
ゴブリンの戦士,103,,goblin warrior,,goblin,warrior,humanoid,fltGoblin,6,100,400,,,,,,,220,0,5,,,,,,,,100,1,,,,,,,,,,,,,,,,
ゴブリンシャーマン,104,,goblin shaman,,goblin,warmage,humanoid,fltGoblin,8,100,400,,,,,,,220,0,18,,,,,,,,85,1,spHealLight,actMelee spFireBolt,spSummonWild spSpeedDown,15,,,,,,,,,,,,
ゴブリンの魔法使い,105,,goblin wizard,,goblin,wizard,humanoid,fltGoblin,10,100,400,,,,,,,220,0,4,,,,,,,,60,1,,actMelee spMagicArrow,,,,,,,,,,,,,,
赤の洗礼者,106,,red baptist,/undead/fire/,ghost,wizard,humanoid,,12,100,400,,,cResFear,,,,221,0,3,,,,,,resImm(fire),,50,2,,actMelee spFireBolt,spShortTeleport,25,,,,,,,,,,,,
青の洗礼者,107,,blue baptist,/undead/,ghost,wizard,humanoid,,12,100,400,,,cResFear,,,,221,0,4,,,,,,resImm(cold),,50,2,,actMelee spIceBolt,spShortTeleport,25,,,,,,,,,,,,
ブラウンベア,108,,brown bear,/wild/,bear,,animal,fltBear,4,100,400,,,,,,,222,0,,,,n*,,,,,100,1,,,,,,,,,「うぉーん…」,「ぐるる」\n「ぐるぁ！」,,,,,,
グリズリー,109,,grizzly,/wild/,bear,,animal,fltBear,10,100,400,,,cTemper,,,,222,0,3,,,,,,,,100,1,,,,,,,,,,,,,,,,
リビングアーマー,110,,living armor,/undead/,armor,warrior,humanoid,,15,40,400,,,cResFear,,,,223,0,,,,,,,,,100,1,,,,,,gosub *eatHard,,,,,,,,,,
鉄塊,111,,steel mass,/undead/,armor,warrior,humanoid,,25,30,400,,,cResFear,,,,223,0,17,,,,,,,,100,1,,,,,,gosub *eatHard,,,,,,,,,,
ゴールデンアーマー,112,,golden armor,/undead/,armor,warrior,humanoid,,35,30,400,,,cResFear,,,,223,0,5,,,,,,,,100,1,,,,,,gosub *eatHard,,,,,,,,,,
デスアーマー,113,,death armor,,armor,warrior,humanoid,,45,30,400,,,cResFear,,,,223,0,16,,,,,,,,100,1,,,actTouchWeaken ,10,,gosub *eatHard,,,,,,,,,,
メデューサ,114,,medusa,/god/,medusa,warmage,humanoid,,22,100,400,,,,,,,224,0,,,,,,,,,100,1,,,,,,,,,,,,,,,,
エウリュアレ,115,,euryale,/god/,medusa,warmage,humanoid,,33,100,400,,,,,,,224,0,5,,,,,,,,100,1,,,,,,,,,,,,,,,,
ステンノ,116,,stheno,/god/,medusa,warmage,humanoid,,44,100,400,,,,,,,224,0,16,,,,,,,,100,1,,,,,,,,,,,,,,,,
恋のキューピット,117,,cupid of love,/god/,cupid,archer,humanoid,,8,100,400,,,cFloat,,,,225,0,,,,,,,,,50,2,,,spDaze,20,,gosub *eatCupid,,,,,,,,,,
レッサーファントム,118,,lesser phantom,/undead/,phantom,wizard,humanoid,,9,100,400,,,cFloat cResFear,,,,226,0,,,,,,,,,100,1,,,spSpeedDown,20,,,,,,,,,,,,
ハーピー,119,,harpy,,harpy,,humanoid,,13,100,400,,,,,,,227,0,,,,,,,,,100,1,,,,,,,,,,,,,,,,
グリーンドラゴン,120,,green dragon,/dragon/,dragon,predator,dragon,,32,30,400,,,,,,,228,0,19,,,,,,,,80,1,,,actBreath,15,,,,,,,,,,,,
レッドドラゴン,121,,red dragon,/fire/dragon/,dragon,predator,dragon,,40,20,400,,,,,,,228,0,3,,,,,,resImm(fire),,80,1,,,actBreathFire,15,,,,,,,,,,,,
ホワイトドラゴン,122,,white dragon,/dragon/,dragon,predator,dragon,,40,20,400,,,,,,,228,0,,,,,,,resImm(cold),,80,1,,,actBreathCold,15,,,,,,,,,,,,
エレキドラゴン,123,,elec dragon,/dragon/,dragon,predator,dragon,,40,20,400,,,,,,,228,0,5,,,,,,resImm(Lightning),,80,1,,,actBreathLightning,15,,,,,,,,,,,,
冥界ドラゴン,124,,nether dragon,/undead/dragon/,dragon,predator,dragon,,45,10,400,,,,,,,228,0,4,,,,,,resImm(nether),,80,1,,,actBreathNether,15,,,,,,,,,,,,
カオスドラゴン,125,,chaos dragon,/dragon/,dragon,predator,dragon,,50,10,400,,,,,,,228,0,18,,,,,,resImm(chaos),,80,1,,,actBreathChaos,15,,,,,,,,,,,,
ケルベロス,126,,cerberus,/fire/,cerberus,predator,drake,,23,40,400,,,,,,,229,0,,,,,,,resImm(fire),,80,1,,,actBreathFire,15,,,,,,,,,,,,
まだら蜘蛛,127,,spider,/wild/,spider,,insect,fltSpider,3,100,400,,,,,,,230,0,,,,,,,resImm(poison),,80,1,,,spWeb,20,,,, *カサカサ* ,,,,,,,,
ブラックウィドウ,128,,black widow,/wild/,spider,,insect,fltSpider,11,100,400,,,,,,,230,0,19,,,,poison,150,resImm(poison),,80,1,,,spWeb,15,,gosub *eatPoison\nif rnd(6)=0 : resistMod cc/rsResPoison/resistGrade,, *カサカサ* ,,,,,,,,
パラライザー,129,,paralyzer,/wild/,spider,,insect,fltSpider,21,100,400,,,,,,,230,0,17,,,,nerve,150,resImm(poison),,80,1,,,spWeb,15,,gosub *eatPoison\nif rnd(6)=0 : resistMod cc/rsResPoison/resistGrade,, *カサカサ* ,,,,,,,,
タランチュラ,130,,tarantula,/wild/,spider,,insect,fltSpider,15,100,400,,,,,,,230,0,5,,,,poison,200,resImm(poison),,80,1,,,spWeb,15,,gosub *eatPoison\nif rnd(6)=0 : resistMod cc/rsResPoison/resistGrade,, *カサカサ* ,,,,,,,,
吸血蜘蛛,131,,blood spider,/undead/,spider,,insect,fltSpider,28,100,400,,,,,,,230,0,16,,,,nether,100,resImm(poison),,80,1,,,spWeb,15,,,, *カサカサ* ,,,,,,,,
ウッドゴーレム,132,,wooden golem,,golem,,humanoid,,13,40,400,,,cResFear,,,,231,0,6,,,,,,,,100,1,,,,,,gosub *eatHard,, *ガチャ* ,,,,,,,,
ストーンゴーレム,133,,stone golem,/fire/,golem,,humanoid,,19,40,400,,,cResFear,,,,231,0,,,,,,,,,100,1,,,,,,gosub *eatHard,, *ガチャ* ,,,,,,,,
スティールゴーレム,134,,steel golem,/fire/,golem,predator,humanoid,,25,40,400,,,cResFear,,,,231,0,15,,,,,,,,100,1,,,,,,gosub *eatHard,, *ガチャ* ,,,,,,,,
ゴールドゴーレム,135,,golden golem,,golem,predator,humanoid,,30,30,400,,,cResFear,,,,231,0,5,,,,,,,,100,1,,,,,,gosub *eatHard,, *ガチャ* ,,,,,,,,
ミスリルゴーレム,136,,mithril golem,,golem,predator,humanoid,,35,20,400,,,cResFear,,,,231,0,17,,,,,,,,100,1,,,,,,gosub *eatHard,, *ガチャ* ,,,,,,,,
スカイゴーレム,137,,sky golem,,golem,predator,humanoid,,40,15,400,,,cResFear,,,,231,0,9,,,,,,,,100,1,,,,,,gosub *eatHard,, *ガチャ* ,,,,,,,,
アダマンタイトゴーレム,138,,adamantium golem,,golem,predator,humanoid,,50,15,400,,,cResFear,,,,231,0,2,,,,,,,,100,1,,,,,,gosub *eatHard,, *ガチャ* ,,,,,,,,
パルミアの影『スラン』,139,,<Slan> the shadow of Palmia,/man/,norland,warrior,humanoid,,10,100,400,,,,,cNeutral,0,99,0,,56,,,,,,,,,,,,,SpUnique,,「…うぅ…」#{H-help me… please...}\n「誰か、誰かいないか？」#{Is someone there? Help me... The King must be forewarned!}\n何者かが助けを求める声が聞こえる。#You hear cries of help echoing off the walls. They sound quite weak....,,,,,,,,,
火炎竜『ヴェスダ』,140,,<Vesda> the fire dragon,/dragon/,dragon,predator,dragon,,25,1,400,,,,,,,338,0,,,,,,,resImm(fire),,80,1,,,actBreathFire,15,SpUnique,gosub *eatVesda,,,,,,,,,,
闇の奇形『イスシズル』,141,,<Issizzle> the dark abomination,/undead/god/,lich,wizard,lich,,28,100,400,eqWeapon1=358,,,,,,339,0,,,,,,,,,60,1,,actMelee spMagicArrow spIceBolt spDarknessBolt,spShortTeleport spDaze,30,SpUnique,gosub *eatIssizzle,,,,,,,,,,
歴史を学ぶ『エリステア』,142,,<Erystia> the scholar of history,/man/,norland,wizard,humanoid,,10,100,400,,,,,cNeutral,1,340,0,,55,,,,,,,,,,,,,SpUnique,,「この文はどういう意味かしら…」#{I wonder what the runic translation of this is...}\n「興味深いわね」#{Hmm...interesting. Interesting indeed...}\n誰かが本を整理する音が聞こえる。#You hear someone arranging books on shelves.,「やめてください！」#{Stop it  please!}\n「あなたは、そんな人だったのですね」#{Why are you doing this?},「ひどい…」#{How can you....},「この役立たず！」#{You are useless!},,,,,,
古城の主『ワイナン』,143,,<Wynan> the lord of the Ancient Castle,,norland,warrior,humanoid,,25,100,400,eqWeapon1=359,,,,,,341,0,,,,,,,,,60,1,,actMelee spMagicArrow spIceBolt spDarknessBolt,spShortTeleport,30,SpUnique,,,,,,,,,,,
赤き義眼の『クルイツゥア』,144,,<Quruiza> the red-eyed Deceiver,,norland,wizard,lich,,24,100,400,eqWeapon1=356,,,,,,343,0,,,,,,,resImm(fire),,60,1,,actMelee spMagicArrow spIceBolt spDarknessBolt,spShortTeleport,30,SpUnique,,,,,,,,,,,
鋼鉄竜『コルゴン』,145,,<Corgon> the steel dragon,,dragon,,dragon,,16,100,400,eqRing1=357,,,,,,342,0,,,,,,,resImm(fire),,60,1,,actMelee,,,SpUnique,,,,,,,,,,,
カルーンの孤狼『カラム』,146,,<Karam> the lonely wolf of Karune,/man/,norland,warrior,humanoid,,10,100,400,,,,,cNeutral,0,99,0,,56,,,,,,,,,,,,,SpUnique,,「…不覚だった…」#{Curse my weakness! This shouldn't have happened.}\n「こんな場所が墓場になるとは…」#{This place will be the end of me I fear.}\n何者かのうめき声が聞こえる。#You hear a low moan of pain somewhere,,,,,,,,,
火蟹,147,,fire crab,/fire/,crab,,insect,,16,100,400,,,,,,,237,0,,,,,fire,150,resImm(fire),,100,1,,,,,,gosub *eatHealSan\nif rnd(5)=0:resistMod cc/rsResFire/resistGrade,,,,,,,,,,
火炎ムカデ,148,idFireCentipede,fire centipede,/fire/,centipede,,insect,,18,100,400,,,,,,,239,0,,,,,fire,200,resImm(fire),,100,1,,,,,,if rnd(5)=0:resistMod cc/rsResFire/resistGrade,,,,,,,,,,
炎の信仰者,149,idFireZealot,cultist of fire,/fire/,goblin,warmage,humanoid,,20,100,400,,,,,,,240,0,,,,,,,resImm(fire),,85,1,spHealLight,actMelee,actSummonFire spWeakEle,30,,,,,,,,,,,,
骸骨戦士,150,,skeleton warrior,/undead/,skeleton,warrior,humanoid,fltZombie,12,100,400,,,cResFear,,,,241,0,,,,,,,,,100,1,,,,,,,,,,,,,,,,
骸骨狂戦士,151,,skeleton berserker,/undead/,skeleton,warrior,humanoid,fltZombie,20,100,400,eqTwoHand=true,,cResFear,,,,241,0,3,,,,,,,,100,1,,,,,,,,,,,,,,,,
闇の宣教師,152,,missionary of darkness,/man/,eulderna,,humanoid,fltZombie,20,100,400,,,cResFear,,,,243,0,,,,,mind,150,,,80,1,,actMelee actTouchWeaken,,,,,,「改宗せよ」,「神はいないのですか！」,,,,,,,
＜ポーン＞,153,,<Pawn>,/pawn/,piece,warrior,humanoid,,12,100,400,,,,,,,244,0,,,,,,,,,100,1,,,,,,gosub *eatHard,,,,,,,,,,
＜ルーク＞,154,,<Rook>,/pawn/,piece,predator,humanoid,,16,100,400,,,,,,,245,0,,,,,,,,,100,1,,,,,,gosub *eatHard,,,,,,,,,,
＜ビショップ＞,155,,<Bishop>,/pawn/,piece,wizard,humanoid,,18,100,400,,,,,,,246,0,,,,,,,,,40,2,,actMelee spMagicArrow,spShortTeleport spSpeedDown,20,,gosub *eatHard,,,,,,,,,,
＜ナイト＞,156,,<Knight>,/pawn/,piece,warrior,humanoid,,18,100,400,eqTwoHand=true,,,,,,247,0,,,,,,,,,30,2,,actMelee,,,,gosub *eatHard,,,,,,,,,,
＜クィーン＞,157,,<Queen>,,piece,wizard,humanoid,,22,100,400,,,,,,,248,0,,,,,,,,,60,1,,actMelee spNetherArrow spMagicArrow,spShortTeleport,20,,gosub *eatHard,,,,,,,,,,
＜キング＞,158,,<King>,,piece,warrior,humanoid,,22,100,400,,,,,,,249,0,,,,,,,,,40,3,,actMelee,actSummonPawn,20,,gosub *eatHard,,,,,,,,,,
傭兵戦士,159,,mercenary warrior,/man/shopguard/,norland,warrior,humanoid,fltMercenary,20,25,400,,,,,cDislike,,159,0,,,,n*,,,,,80,1,,,,,,,,「お尋ね者だ！」\n「犯罪者め、おとなしくしろ」\n「のこのこ現れるとはな！」\n「罪をつぐなってもらおう」,「ぐふっ」,,,,,,,
傭兵射手,160,,mercenary archer,/man/shopguard/,norland,archer,humanoid,fltMercenary,20,25,400,,,,,cDislike,,57,0,,,,n*,,,,,50,,,,,,,,,「お尋ね者だ！」\n「犯罪者め、おとなしくしろ」\n「のこのこ現れるとはな！」\n「罪をつぐなってもらおう」,「ぐふっ」,,,,,,,
傭兵魔術士,161,,mercenary wizard,/man/shopguard/,norland,wizard,humanoid,fltMercenary,20,25,400,,,,,cDislike,,100,0,,,,n*,,,,,50,2,,actMelee spMagicArrow,,,,,,「お尋ね者だ！」\n「犯罪者め、おとなしくしろ」\n「のこのこ現れるとはな！」\n「罪をつぐなってもらおう」,「ぐふっ」,,,,,,,
イェルス機械兵,162,,Yerles machine infantry,/man/,yerles,gunner,humanoid,,5,100,400,,,,,,,250,0,,,,,,,,,40,3,,,,,,,,「撃てぇ！」\n「弾が尽きるまで撃て！」\n「虫けらめェ！」,「隊長！もうだめです」\n「メディーック！！」\n「マンダウン！マンダウン！」,「ターゲット・ダウン！」\n「グッドジョブ！」,,,,,,
ロックスロアー,163,,rock thrower,/man/,yerles,thief,humanoid,,9,100,400,eqRange =210,,,,,,251,0,,,,,,,,,25,3,,,,,,,,,,,,,,,,
猫,164,,cat,/wild/cat/,cat,,animal,,4,100,400,,,cHorse,,cDislike,,253,0,,,,n*,,,,,100,1,,,,,,gosub *eatCat,「ミャア」#{Meow.}\n「にゃ」#{Mew.}\n「ミャ」#{Mew mew.}\n「にゅぅ」#{Rowr!}\n「ニャア」#{Mewl.},「ニャー！」#{Meow!}\n「ニャウ！」#{Mew mew!}\n「ニャン！」#{Mew!}\n「ゥニャ！」#{Meow},「ニャァー…ァ」#{Me...meow....},* ふしゅぅ * #*hiss*\n「ニャァー！」#{Meoow!}\n「にゃー」」#{Meew!}\n「ゥニャ！」#{Mew!}\n爪を研ぐ音が聞こえる。#{Meow meow.},「おかえりニャン！」,,,,,
犬,165,,dog,/wild/,dog,,animal,fltDog,4,100,400,,,cHorse,,,,254,0,,,,n*,,,,,100,1,,,,,,,,,「クゥン…」,「わん！」\n「ゥワン！」」,「おかえりワン！」,,,,,
少女,166,,little girl,/man/,roran,warrior,humanoid,,4,100,400,,,cHorse,,cDislike,,4,0,,,,n*,,,,,100,1,,,,,,,,,「きゃぁー」#{No....no...!}\n「ダメぇ！」#{I'm sorry I failed you.},少女は服のほこりをはらった。#The little girl brushes dust off her clothes.\n少女はあなたを見てにっこり笑った。#The little girl smiles at you.\nあなたは少女に見とれた。#You look admiringly at the little girl.\n「うふふ♪」#{Another death. *grin* },「おかえりなさい♪」#{Welcome home!},,,,,
ネズミ,167,,rat,/wild/,rat,,animal,,1,100,400,,,,,,,255,0,6,,,,,,,,100,1,,,,,,,,,「チュー！」,,,,,,,
やどかり,168,,hermit crab,/wild/,shell,predator,animal,,1,100,400,,,,,,,256,0,,,,,,,,,100,1,,,,,,gosub *eatHealSan,,,,,,,,,,
スライム,169,,slime,/slime/,slime,predator,animal,fltSlime,10,70,400,,cBarrier(rc)=rsResAcid+100*extBarrier,,,,,257,0,4,,,,,,resImm(acid),,,,,,,,,,,, *ぷちゅ* #*putit*,,,,normal,4 4 3 3,summonRace,green
大道芸人,170,,public performer,/man/,yerles,thief,humanoid,,1,100,400,eqRange =210,,,,,,258,0,,,,,,,,,70,2,,,,,,,,愉快な音楽が聞こえる。,「出直してくる」,,「おか」,,,,,
サイバードームの住人,171,,citizen of cyber dome,/man/,yerles,gunner,humanoid,,5,100,400,,,,,cNeutral,,128,129,,0,,n*,,,,,,,,,,,Shop,,,「何をするんですか！」\n「野蛮人！」\n「私だって」,「私は善良な市民だったのに」#{I was a good citizen.}\n「くそめ」#{Go to hell!}\n「まいった」#{I give up.}\n「ぐえ」#{Nooooo.....}\n「嘘でしょ」#{Is it a joke?}\n「なぜなんだー」#{Why me.}\n「何の冗談ですか」#{W-What have you done!},「市民パワー」\n「ぺっ」,,,,,,
サイバードームの住人,172,,citizen of cyber dome,/man/,yerles,gunner,humanoid,,5,100,400,,,,,cNeutral,,127,131,,0,,n*,,,,,,,,,,,Shop,,,「何をするんですか！」\n「野蛮人！」\n「私だって」,「私は善良な市民だったのに」#{I was a good citizen.}\n「くそめ」#{Go to hell!}\n「まいった」#{I give up.}\n「ぐえ」#{Nooooo.....}\n「嘘でしょ」#{Is it a joke?}\n「なぜなんだー」#{Why me.}\n「何の冗談ですか」#{W-What have you done!},「市民パワー」\n「ぺっ」,,,,,,
セールスマン,173,,sales person,/man/,yerles,gunner,humanoid,,20,100,400,,,,,cNeutral,,146,147,,0,,n*,,,,,,,,,,,Shop,,,「ガード！ガード！」\n「襲撃だ！」\n「強盗め！」,「命だけわぁ」\n「あぁぁ…」,「あの世で後悔するがいい」\n「虫けらめ」,,,,,,
パンク,174,,punk,/man/sf/,norland,gunner,,,1,60,400,,,,,cDislike,,112,27,,0,,,,,,,50,2,,,,,,,,「チキショー」\n「カモンベイベー」\n「ウラァ」\n「ヘドぶち吐きなッ！」\n「さあ、お仕置きの時間だよ」\n「コラー」,「逃げろぉぉ」\n「お前プッツンしてるぜ」\n「くそったれー」\n「やめてくれー」\n「うそだー」\n「俺は負けんのだぁ」,「二度と俺を馬鹿にするな」\n「ギャハハハハ！」\n「ゴゥトゥヘル」,,,,,,
猫の女王『フリージア』,175,,<Frisia> the cat queen,/god/,catgod,,humanoid,,80,100,400,,,,,,,348,0,,,,,,,,,50,1,,,,,SpUnique,,,,「負けたニャー」,フリージアは死体を玩具にして遊び始めた。,,,,,,
妹,176,,younger sister,/man/,roran,thief,humanoid,,1,100,400,,,cHorse,,cDislike,,105,0,,,,n*,,,,,,,,,,,Sp,,"「""+_onii(cSex(pc))+""ちゃんー」\n「""+_onii(cSex(pc))+""ちゃん！」\n「""+_onii(cSex(pc))+""ちゃ〜ん」\n「""+_onii(cSex(pc))+""ちゃんっ」\n「""+_onii(cSex(pc))+""ちゃん？」\n「""+_onii(cSex(pc))+""〜ちゃん」\n「""+_onii(cSex(pc))+""ちゃん♪」",,「ダメぇ！」,あなたは妹の頭をなでた。\nあなたは妹の姿に目を細めた。\n妹は上目づかいにあなたの顔を覗いた。,"「おかえり、""+_onii(cSex(pc))+""ちゃん！」\n「おかえりなさーい、""+_onii(cSex(pc))+""ちゃん♪」\n「待ってたよ、""+_onii(cSex(pc))+""ちゃん」",,,,,
ゼイレン究極破壊兵器『ウティマ』,177,,<Utima> the destroyer of Xeren,/god/,machinegod,gunner,humanoid,,80,100,400,eqWeapon1 =1\neqRange =514\neqAmmo =fltAmmoEnergy .fixGood ,,,,,,349,0,,,,,,,,,80,1,,actRange actMelee actMelee,actBoost,4,SpUnique,,,,「ピー…ザザザザ…」,「ターゲット破壊確認！」,,,,,,
不浄なる者『アズラシズル』,178,,<Azzrssil> the impure,/undead/god/,undeadgod,wizard,lich,,80,100,400,,,,,,0,339,0,3,,,,,,,,60,1,,actMelee spMagicArrow spIceBolt spDarknessBolt,spShortTeleport spDaze,30,SpUnique,gosub *eatIssizzle,,,「ひぃ」,不浄なる者はあなたの死体をむさぼった。,,,,,,
ペットアリーナの主催者『ニノ』,179,,master of pet arena,/man/,norland,warrior,humanoid,,35,100,400,,,,,cNeutral,,350,0,,,,,,,,,100,1,,,,,Sp,,,,,,,,,,,
ツインテール,180,,twintail,,cat,,animal,,1,100,400,,,cHorse,,cNeutral,,259,0,,,,,,,,,100,1,,,,,Friend,,辺りは神聖な雰囲気に包まれている。#All around you is the sensation of being in a sacred place\nあなたは何者かの穏やかな視線を感じた。#You have seldom felt such an air of peace\nとても静かで、平和な場所だ。#All around is very quiet  yet you aren't the least bit lonely\n心の中で、奇妙な祈りの声がこだました。#In your mind you hear the strange echoes of a voice in prayer,,「ニャァー…ァ」,* ふしゅぅ *\n「ニャァー！」\n「にゃー」」\n「ゥニャ！」\n爪を研ぐ音が聞こえる。,,,,,,
銀狼,181,,silver wolf,/god/,hound,,animal,,10,100,400,,,,,cNeutral,,260,0,,,,,,,,,100,1,,,,,Friend,,辺りは神聖な雰囲気に包まれている。#All around you is the sensation of being in a sacred place\nあなたは何者かの穏やかな視線を感じた。#You have seldom felt such an air of peace\nとても静かで、平和な場所だ。#All around is very quiet  yet you aren't the least bit lonely\n心の中で、奇妙な祈りの声がこだました。#In your mind you hear the strange echoes of a voice in prayer,,,,,,,,,
白衣のナース,182,,nurse,/man/,norland,wizard,humanoid,,8,100,400,,,cHorse,,,,208,0,,,,n*,,,,,50,1,,spHealTouch,,,,,,ナースの匂いがする…,「キャァー」,,「おかえりなさい。怪我はしていませんか♪」,,,,,
大富豪,183,,rich person,/man/,norland,,humanoid,,15,20,400,,,,,cNeutral,,71,70,,0,,n*,,,,,,,,,,,Shop,,,「金か？金が欲しいのか？」\n「汚い手で触らないでくれるか」\n「周りの衆、見てないで助けぬか」\n「金の亡者め！」,「貴様には一銭もやらん…」\n「なんとまあ」\n「下衆め」\n「まだ死にたくないー…ぐぉ」\n「遺言書いといてよかったわ」,「フン」,「帰ってきおったか」,,,,,
貴族の子供,184,,noble child,/man/,norland,,humanoid,,9,40,400,,,,,cNeutral,,73,72,,0,,n*,,,,,,,,,,,Shop,,,「無礼者！」\n「お父上に言いつけてやる」\n「下郎め」\n「汚い！触るな！」\n「誰か！」\n「下がれ！」,「うわぁ」\n「こ、殺さないで」\n「助、助けて…うぐ」\n「お父上ぇー」\n「む、無念」,「この人よわーい」,「チェッ」,,,,,
観光客,185,,tourist,/man/,yerles,gunner,humanoid,,20,100,400,,,,,cNeutral,,122,129,,0,,n*,,,,,,,,,,,Shop,,,「観光客だからって馬鹿にするな」\n「なんて治安の悪い国だ」\n「野蛮な土地だな」\n「金などもってないぞ」,「こんな国二度とくるか」\n「無差別テロだー」\n「いやーん」,「弱い弱い」,「おかえり。いやぁ、いい家に住ませてもらっています」,,,,,
ブレイド,186,,blade,,machine,,humanoid,,5,100,400,,,cResFear,,,,270,0,,,,,cut,100,,,100,1,,,,,,gosub *eatHard,,,,,,,,,,
ブレイドβ,187,,blade alpha,,machine,predator,humanoid,,13,100,400,,,cResFear,,,,270,0,17,,,,cut,120,,,100,1,,,,,,gosub *eatHard,,,,,,,,,,
ブレイドΩ,188,,blade omega,,machine,predator,humanoid,,30,100,400,,,cResFear,,,,270,0,3,,,,cut,150,,,100,1,,,,,,gosub *eatHard,,,,,,,,,,
異形の目,189,,deformed eye,/undead/,eye,,humanoid,,8,60,400,,,cFloat cResFear,,,,271,0,,,,,,,,,80,2,,,actMutation,10,,gosub *eatInsane,,,,,,,,,,
不浄なる瞳,190,,impure eye,/undead/,eye,,humanoid,,19,60,400,,,cFloat cResFear,,,,271,0,3,,,,,,,,80,2,,,actMutation,20,,gosub *eatInsane,,,,,,,,,,
ウィスプ,191,,wisp,/undead/ether/,wisp,,humanoid,,14,50,400,,,cFloat cResFear,,,,272,0,,,,,,,resImm(lightning),,80,2,,actMelee spLightningBolt actBreathLightning,actGazeEther,20,,gosub *eatEther,,,,,,,,,,
ハリねずみ,192,,hedgehog,/wild/,crab,,animal,,5,100,400,,cBarrier(rc)=rsResCut+200*extBarrier,,,,,273,0,,,,,,,,,100,1,,,,,,,,,,,,,,,,
輝くハリねずみ,193,,shining hedgehog,/wild/ether/,crab,,animal,,15,70,400,,cBarrier(rc)=rsResEther+500*extBarrier,,,,,273,0,17,,,,,,,,100,1,,,,,,gosub *eatEther,,,,,,,,,,
弱酸性スライム,194,,acid slime,/slime/,slime,predator,animal,fltSlime,16,70,400,,cBarrier(rc)=rsResAcid+200*extBarrier,,,,,257,0,2,,,,acid,100,resImm(acid),,60,1,,,spAcidGround,25,,,,, *ぷちゅ* #*putit*,,,,,,,
鶏,195,,chicken,/wild/,chicken,,animal,,1,30,400,,,,,,,274,0,,,,,,,,,100,1,,,,,,, *クックッ* #You hear something scratching for worms\n「コケー」#{*Bwwwuuuuu-buk-buk-buk-buKAWK*}\n「コッ」#You hear poultry in the distance,,「コケー」,,,,,,,
パンプキン,196,,pumpkin,/undead/,mandrake,,insect,,7,60,400,,,,,,,275,0,,,,,mind,100,,aiStand,50,2,,actWaitMelee,actThrowPotionMinor,30,,if rnd(10)=0 : resistMod cc/rsResMind/resistGrade,,,,,,,,,,
南瓜の怪物,197,,greater pumpkin,/undead/,mandrake,,insect,,18,60,400,,,cInvisi,,,,275,0,4,,,,mind,200,,aiStand,50,2,,actWaitMelee,actThrowPotionMajor,30,,if rnd(8)=0 : resistMod cc/rsResMind/resistGrade,,,,,,,,,,
ハロウィンナイトメア,198,,halloween nightmare,/undead/,mandrake,,insect,,30,60,400,,,cInvisi,,,,275,0,3,,,,mind,250,,aiStand,50,2,,actWaitMelee,actThrowPotionGreater,30,,if rnd(6)=0 : resistMod cc/rsResMind/resistGrade,,,,,,,,,,
闇子,199,,stalker,/undead/,stalker,predator,humanoid,,12,30,400,,,cInvisi cResFear,,,,276,0,,,,,,,,,80,2,,actMelee,,,,if rnd(4)=0 : resistMod cc/rsResDarkness/resistGrade,,,,,,,,,,
闇の老師,200,,shadow stalker,/undead/,stalker,predator,humanoid,,26,30,400,,,cInvisi cResFear,,,,276,0,3,,,,,,,,70,2,,actMelee,,,,if rnd(4)=0 : resistMod cc/rsResDarkness/resistGrade,,,,,,,,,,
パピー,201,,puppy,/undead/,mandrake,,insect,,5,20,400,,,cInvisi,,,,275,0,5,,,,mind,150,,aiStand,80,3,,actWaitMelee,actThrowPotionMinor,10,,if rnd(10)=0 : resistMod cc/rsResMind/resistGrade,,,,,,,,,,
火の巨人『エボン』,202,,<Ebon> the fire giant,,giant,,humanoid,,80,100,400,,,,,cNeutral,0,351,0,,,,,,,resImm(fire),aiStand,80,1,,,actBreathFire,65,SpUnique,,「ぐぉぉぉん」#You hear a bonfire in the distance  only it sounds like it's breathing,「ウフハァ」\n「グゴガー」\n「ギャオース！」\n *どすん* \n *ドスッ* ,,,,,,,,
見世物屋の『モイアー』,203,,<Moyer> the crooked,/man/,norland,gunner,humanoid,,10,100,400,,,,,cNeutral,0,23,0,,0,,,,,,aiStand,,,,,,,Sp,,モイアー「さあ、寄った寄った！」#{Hey now  I stopped  I stopped!}\nモイアー「これなるは伝説の火の巨人、見なきゃ損だよ！」#{Behold! a Legendary Giant of Fire! Be careful you aren't burned now.}\nモイアー「他の店じゃ手に入らない珍品を見ていってくれ」#{And if you think that's special  wait till you see what I got over here!},「観光客だからって馬鹿にするな」\n「なんて治安の悪い国だ」\n「野蛮な土地だな」\n「金などもってないぞ」,,,,,,,,
パルミア特殊部隊,204,,palmian elite soldier,/man/,norland,gunner,humanoid,,10,100,400,,,,,cNeutral,,74,75,,0,,n*,,,,,50,2,,actWaitMelee actWaitMelee actRange,,,TownSp,,,「どこの馬鹿がこいつを放った！」#{Who the hell released this monster!}\n「撃て、撃て、撃ちまくれー！！」#{Fire  fire  fire!}\n「こいつは、ちょっと無理です」#{This is ridiculous.}\n「隊長！血が血がー！！」#{Blood! My blooood!}\n「くそっ。この化け物め！」#{Holy cow!}\n「なんなんだこの怪物は！」#{What is THIS?}\n「ひるむな、突撃しろ！」#{Go go go!},「隊長！もうダメです…」#{Ok  I'm done.}\n「うぎゃぁぁぁぁぁぁ」#{Arrrrrggghhh!}\n「隊長！味方がまた一人やられました！」#{Man down! Man down!}\n「ぐふっ」#{M-Medic!}\n「ふばぼー」#{We got another man killed!},,,,,,,
メイド,205,,maid,/man/,yerles,tourist,humanoid,,1,100,400,,,,,cNeutral,,104,105,,,,n*,,,,,,,,,,,Sp,,"「""+_syujin(cSex(pc))+""〜」#""+_syujin(cSex(pc))+""〜\n「用事はありませんか♪」#{Oh Master  I don't do THOSE sorts of things♪...}\nメイドの熱い視線を感じる…#The maid looks good enough to touch",「おいたが過ぎますよ！」\n「お仕置きです！」,"「ダメぇ！」\n「""+_syujin(cSex(pc))+""ー！」",,"「おかえりなさいませ、""+_syujin(cSex(pc))+""〜」\n「おかえりなさいまし〜」",,,,,
シスター,206,,sister,/man/,norland,wizard,humanoid,,50,100,400,,,,,cNeutral,1,163,0,,0,,n*,,,,aiDull,,,,,,,Shop,gosub *eatHoly,誰かが祈りを捧げる声が聞こえる。#You hear the chants of prayer in the distance.\n「おお、この迷える子猫に道標の光を…」#{Come hither stray kittens  I shall guide you to the light.}\n「祈りなさい。どんな時でも救いはあります」#{Pray hard. There's always chance for salvation.}\n「他人を憎んではなりません」#{Do unto others as you wish others to do unto you.},「償いなさい」#{Atone for you sin.}\n「あなたには罰が必要なようですね」#{Well  you need to be punished.}\n「てめー♪」#{You sonova...}\n「くそがーっ」#{Shit!},「おお、神よー」#{God help me!},「地獄に墜ちなさい♪」#{Go to hell.},「お怪我はありませんか？」#{Are you wonded?}\n「無事な姿で何よりです。おかえりなさい」#{Good to see you again. Welcome home.},,,,,
火の巨人『エボン』,207,,<Ebon> the fire giant,/god/,giant,,humanoid,,30,100,400,,,,,,0,351,0,,,,,,,resImm(fire),,80,1,,,actBreathFire,65,SpUnique,,「ぐぉぉぉん」#You hear a bonfire in the distance  only it sounds like it's breathing  AND moving...,「ウフハァ」\n「グゴガー」\n「ギャオース！」\n *どすん* \n *ドスッ* ,,,,,,,,
伝説の職人『ガロク』,208,,<Garokk> the legendary smith,/man/,dwarf,warrior,humanoid,,45,100,400,,,,,cNeutral,0,352,0,,,,,,,,,100,1,,,,,SpUnique,, *トンカン*  #You hear the rhymthic clang of a hammer on steel\n *カーン*  #You hear the whoosh of a bellows being pumped\n *キン*  #You hear the perfect ring of steel-on-steel. It makes your blood race\n鉄を打つ音が響いている。#{And just what shall you be  oh noble ingot? A dagger perhaps  an axe blade by chance? Let us find out...}\n「つまらんのう」#{Ah! A good shipment of steel today. Oh  what to make  decisions  decisions...}\n「ミラルの奴め、何の役にも立たないものばかり作りおって」#{With this  I have created half a legend. Your wielder will make the other half with you.}\n「宝の持ち腐れじゃ」#{Let's just sit you on the shelf oh noble blade  for soon your brothers shall join you.},,,,,,,,,
伝説の職人『ミラル』,209,,<Miral> the legendary smith,/man/,dwarf,warrior,humanoid,,45,100,400,,,,,cNeutral,0,353,0,,,,,,,,,100,1,,,,,SpUnique,,「今日のご飯はなんにしよう」#{Oh  what to make for dinner.}\n「ガロクの作品には遊びがないね」#{All work and no play makes Miral a dull boy.}\n「暇だぬ」#{There's never enough time in the world to get everything done.}\n「おお、客人かな？」#{Guests? Goodness it has been a while indeed.}\n「猫 イズ フリ〜ダ〜ム♪ 猫 イズ フリ〜ダ〜ム♪」#{I've got a cat I wanna frame! And now nothing shall ever be the same.},,,,,,,,,
妹猫,210,,younger cat sister,/man/,catsister,thief,humanoid,,1,100,400,,,,,cDislike,,253105,0,,,,n*,,,,,,,,,,,Sp,,"「""+_onii(cSex(pc))+""ちゃんー」\n「""+_onii(cSex(pc))+""ちゃん！」\n「""+_onii(cSex(pc))+""ちゃ〜ん」\n「""+_onii(cSex(pc))+""ちゃんっ」\n「""+_onii(cSex(pc))+""ちゃん？」\n「""+_onii(cSex(pc))+""〜ちゃん」\n「""+_onii(cSex(pc))+""ちゃん♪」",,「ダメぇにゃ！」,あなたは妹の頭をなでた。\nあなたは妹の姿に目を細めた。\n妹は上目づかいにあなたの顔を覗いた。\n「うにゃん」,"「おかえりにゃ、""+_onii(cSex(pc))+""ちゃん！」\n「おかえりなさいにゃー、""+_onii(cSex(pc))+""ちゃん♪」\n「待ってたにゃ、""+_onii(cSex(pc))+""ちゃん」",,,,,
嬢,211,,young lady,/man/,roran,warmage,humanoid,,1,100,400,,,cHorse,,cDislike,,355,0,,,,n*,,,,,,,spHealRain,,actThrowPotionMajor spWeakArmor spSpeedDown,10,Sp,,,,「きゃぁー」\n「ダメぇ！」,嬢は服のほこりをはらった。\n嬢はあなたを見てにっこり笑った。\nあなたは嬢に見とれた。\n「うふふ♪」,「おかえりなさい♪」,,,,,
実験台,212,,<Stersha> the queen of Palmia,,juere,warrior,humanoid,,1,100,400,eqWeapon1=56,,,,,1,117,0,,54,,,,,,,,,,,,,SpUnique,,,,,,,,,,,
無邪気な少女『グウェン』,213,,<Gwen> the innocent,/man/,roran,warmage,humanoid,,1,100,400,,,,,cDislike,1,356,0,,,,,,,,aiFollow,,1,,,,,SpUnique,,「あー…かわいいお花！」#{Oh my! Such pretty flowers♪}\n「ついていっていい？」#{Can I tag along? I won't be a bother♪}\n「サンドラさんの赤いケープほしい…」#{I hope Sandra's red cape...♪}\n「ざっつあぷりちーふらわー」#{Eat flowers evil-doer!♪}\n「赤って好きな色なの〜」#{Red is the color of love  of blood  and of roses♪}\n「この花の冠はお母さんに編んでもらったの」#{A crown of flowers did his mother weave with all her heart...♪}\n「るるる♪」#{♪La  laaaah  la  la-la. Lah  la-la   la la....♪},,「どうして、そんなことするの？」,「怖いのはいや…」,「あ…もどってきた！」,,,,,
見習い盗賊,214,,thief,/man/,juere,,humanoid,,2,30,400,,,cDropGold,,,,166,0,,,,,,,,,70,1,,,actSteal,25,,,「やばいヤマだったぜ」#{Heh  easy money…}\n「お、カモだ…」#{Think I can get some good coin for those fancy bits you got on stranger?}\n「ククク…」#{Another one with a coinpurse just dangling there  like a bit of ripe fruit. Time to pluck it.},,「覚えていろよ」\n「やめてください！」,「ふん！青二才め」,「よう、生きてたか」,,,,,
強盗,215,,robber,/man/,juere,thief,humanoid,,5,30,400,,,cDropGold,,,,166,0,3,,,,,,,,70,1,,,actSteal,25,,,「やばいヤマだったぜ」#{Man  this one'll feed me for a week. Two even!}\n「お、カモだ…」#{I was just sayin' we needed some coin  and look  it just came walkin' towards us.}\n「ククク…」#{Your GP or your HP good chum!},,「覚えていろよ」\n「やめてください！」,「ふん！青二才め」,「よう、生きてたか」,,,,,
イスの偉大なる種族,216,,great race of Yith,,yith,predator,animal,,50,20,400,,,cResFear,,,,429,0,,,,,,,resImm(mind),,80,1,,actMelee actDrainBlood actGazeInsane,,,,gosub *eatYith,,,,,,,,,,
マスターシーフ,217,,master thief,/man/,juere,thief,humanoid,,35,30,400,,,cDropGold,,,,166,0,4,,,,,,,,70,1,,,actSteal,25,,,「やばいヤマだったぜ」#{Like taking candy from a baby in armor.}\n「お、カモだ…」#You hear someone humming the *Money* tune while cracking their knuckles\n「ククク…」#{Another satisifying finance adjustment.},,「覚えていろよ」\n「やめてください！」,「ふん！青二才め」,「よう、生きてたか」,,,,,
シュブ＝ニグラス,218,,Shub-Niggurath,,yith,predator,animal,,45,40,400,,,cResFear,,,,277,0,,,,,,,resImm(mind),aiStand,0,3,,actWaitMelee actWaitMelee spShortTeleport actGazeInsane,spSummon,10,,gosub *eatYith,,,,,,,,,,
ガグ,219,,gagu,,orc,warrior,humanoid,,38,80,400,,,,,,,278,0,,,,,,,,,80,1,,,actTouchWeaken,20,,,,,,,,,,,,
螺旋の王,220,,spiral king,/god/,yith,wizard,humanoid,,65,30,400,,,cResFear,,,,430,0,,,,,,,resImm(mind),,50,2,,spChaosArrow spSoundBall spNetherArrow spMutation,actGazeInsane,10,,gosub *eatYith,,,,,,,,,,
ひとりぼっちの『パエル』,221,,Lonely <Pael>,/man/,roran,thief,humanoid,,10,100,400,,,,,cNeutral,1,358,0,,15,,,,,,aiStand,,1,,,,,SpUnique,,「おかあさん…」#{Mother…}\n「ひとりにしないでよ」#{Do not go alone.}\n「みゅ…」#{Oh  look at you…},,「ごめんね…ごめんね…おかあさん」,,,,,,,
パエルの母『リリィ』,222,,Pael's mom <Lily>,/man/,roran,warrior,humanoid,,15,100,400,,,,,cNeutral,1,359,0,,13,,,,,,aiStand,,1,,,,,SpUnique,,「うふっ。パエルはいつまでも甘えん坊さんね」#{Pael  such a spoiled child…dear oh dear.}\n「あらあら。心配しないでも、私は平気よ」#{Hush now  I've got you.}\n「けほっ。けほっ」#{I hope Pael is not in trouble with the guards again…}\n「いい子ね」#{Now you be good dear  understand?},,「ああ…パエル…パエル…」,,,,,,,
女たらしの『ラファエロ』,223,,<Raphael> the womanizer,/man/,norland,warrior,humanoid,,10,100,400,,,,,cNeutral,0,361,0,,14,,,,,,aiDull,,1,,,,,SpUnique,,「あんな極上の女はそうはいねえ」#{Ladies! The line starts here!}\n「俺の手に掛かれば、どんな女もイチコロよ」#{No woman can resist my charms  be they my dashing good looks  my wit and charm  or even my coinpurse.}\n *レロレロレロ* #{ero-ero-ero-ero  mushroom  mushroom!}\n「まったく罪な男に生まれちまったもんだ」#{I am the Gods gift to women. Come and get a memory you shall never forget!},「真の男ってものを見せてやるよ」,「ママー！」,「ペッ」,,,,,,
見習い騎士『アインク』,224,,<Ainc> the novice knight,/man/,norland,warrior,humanoid,,7,100,400,,,,,cNeutral,0,362,0,,18,,,,,,aiStand,,1,,,,,SpUnique,,「イーック」#{Let's roll!}\n「か、かみかぜ…」#{I may be new to this whole knight gig  but I won't be for long!}\n「ィィーック」#{Are my spurs polished enough you think? I'd just die if a senior thought they were sub-par.}\n「なんという生物だ」#You hear someone adjusting their armor for the umpteenth time,「けが人相手に卑怯な！」,「ああ…立派な騎士になりたかった…」,「ガードに突き出してやる」,,,,,,
子犬の『ポピー』,225,,<Poppy> the little dog,/wild/,dog,,animal,,1,100,400,,,cHorse,,cNeutral,,364,0,,,,,,,,,100,1,,,,,SpUnique,,「くぅ〜」#You hear the high pitched yips of a young dog\n「ぁぅぁぅ」#A plaintive howl is heard in the distance\n「ぅ〜」#Rowf!,,「クゥン…」,「わん！」\n「ぁぅぁぅ！」」,「おかえりワン！」,,,,,
犬好きの少女『リリアン』,226,,<Rilian> the dog lover,/man/,roran,,humanoid,,4,100,400,,,,,cNeutral,,365,0,,16,,,,,,aiDull,100,1,,,,,SpUnique,,「ポピー！」#{Poppy!}\n「わん〜わん〜」#{Wuff wuff.},「なにするの！」#{What! Stop!},「来世は犬になりたい…」#{Poppy  where are you poppy....},「めっ！」#{Idiot!},,,,,,
猫嫌いの『タム』,227,,<Tam> the cat hater,/man/,norland,,humanoid,,5,100,400,,,,,cNeutral,0,366,0,,16,,,,,,aiDull,100,1,,,,,SpUnique,,「ひっ！」#{ hate those bloody cats!}\n「猫はどうしてあんなに恐ろしいのだろう」#{Come closer kitty  I gotta present for ya!}\n「細い目が苦手です」#{I've got your number  mate. It's down to two for you. Ahh! There's a oner. Ha ha  yes. Not long for you now!},,「うわー猫ー」,「ふんっ！」,,,,,,
カーバンクル,228,,carbuncle,/wild/cat/,cat,wizard,animal,,20,100,400,,,,,,,367,0,,,,,,,,,70,1,,actMelee ,spWeb actGazeDim,20,,,「ミャア」\n「にゃ」\n「ミャ」\n「にゅぅ」\n「ニャア」,ニャー\nニャウ\nニャン\nゥニャ,「ニャァー…ァ」,* ふしゅぅ *\n「ニャァー！」\n「にゃー」」\n「ゥニャ！」\n爪を研ぐ音が聞こえる。,「おかえりニャン！」,,,,,
ライオン,229,,lion,/wild/cat/,cat,predator,animal,fltDog,18,100,400,,,cHorse,,,,368,0,,,,,,,,,100,1,,,,,,,「ガルルル…」#You hear the near silent footfalls of a cat. A Big cat.,「ガウッ」\n「ガルル！」,「ニャァー…ァ」,「ガオー」\n「ガル♪」,「おかえりニャン！」,,,,,
猫使い『ケシー』,230,,<Cacy> the cat tamer,/wild/cat/,catgod,wizard,animal,,25,100,400,,,,,,,369,0,,,,,,,,,50,2,,,actSummonCat,15,SpUnique,,「ガルルル…」,「ガウッ」\n「ガルル！」,「ニャァー…ァ」,「ガオー」\n「ガル♪」,「おかえりニャン！」,,,,,
辺境の勇士『ギルバート大佐』,231,,<Gilbert> the carnel,/man/,juere,gunner,humanoid,,45,100,400,,,,,cNeutral,0,370,0,,33,,,,,,aiDull,40,3,,,,,SpUnique,,「困ったことになったぞ」#{Help the helpless! Crush the vileness}\n「敬礼！」#{Atten-TION! Salute!}\n「新王国め…」#{For the Kingdom  we shall never fall!}\n「フハハハハッ」#{Who's house? Mah House!},「撃てぇ！」\n「フハー！」,「フハー…」,「フハハハハ！」,,,,,,
イェルス自走砲,232,,yerles self-propelled gun,,yerles,gunner,humanoid,,17,100,400,,,,,,,373,0,,,,,,,,aiStand,0,4,,actRange,,,,,,,,,,,,,,
ジューア歩兵,233,,juere infantry,/man/,juere,warrior,humanoid,,7,100,400,,,,,,,377,0,,,,,,,,,95,1,,,,,,,,「イェルス兵を殺せ！」\n「突っ込め！」\n「突撃！突撃！」\n「ひるむな！」\n「ウォォォ」,「ギャァァァァ」\n「衛生兵！！」\n「大佐、また一人死にました！」\n「仲間が戦闘不能です、大佐！」,「敵兵の首とったり！」\n「敵兵撃破！」,,,,,,
イェルスエリート機械兵,234,,Yerles elite machine infantry,/man/,yerles,gunner,humanoid,,22,100,400,,,,,,,250,0,3,,,,,,,,40,3,,,,,,,,「撃てぇ！」\n「弾が尽きるまで撃て！」\n「虫けらめェ！」,「隊長！もうだめです」\n「メディーック！！」\n「マンダウン！マンダウン！」,「ターゲット・ダウン！」\n「グッドジョブ！」,,,,,,
ジューア剣闘士,235,,juere swordman,/man/,juere,thief,humanoid,,15,100,400,,,,,,,377,0,4,,,,,,,,100,1,,,,,,,,「イェルス兵を殺せ！」\n「突っ込め！」\n「突撃！突撃！」\n「ひるむな！」\n「ウォォォ」,「ギャァァァァ」\n「衛生兵！！」\n「大佐、また一人死にました！」\n「仲間が戦闘不能です、大佐！」,「敵兵の首とったり！」\n「敵兵撃破！」,,,,,,
イーク,236,,yeek,/yeek/,yeek,,humanoid,fltYeek,2,100,400,,,,,,,378,0,,,,,,,,,,,,,,,,,,,,,,,,,,
カミカゼ・イーク,237,,kamikaze yeek,/yeek/,yeek,,humanoid,fltKamikaze,6,150,400,,,cSuicide,,,,378,0,3,,,,,,,,,,,actSuicide,,,,,,,,,,,,,,
イークの戦士,238,,yeek warrior,/yeek/,yeek,,humanoid,fltYeek,6,100,400,,,,,,,378,0,6,,,,,,,,,,,,,,,,,,,,,,,,,
温泉マニア,239,,citizen,/man/,norland,,humanoid,,5,100,400,,,,,cDislike,,379,380,,0,,n*,,,,,,,,,,,Shop,,,「何をするんですか！」\n「野蛮人！」\n「私だって」,「私は善良な市民だったのに」\n「くそめ」\n「まいった」\n「ぐえ」\n「嘘でしょ」\n「なぜなんだー」\n「何の冗談ですか」,「市民パワー」\n「ぺっ」,,,,,,
マスター・イーク,240,,master yeek,/yeek/,yeek,,humanoid,fltYeek,9,50,400,,,,,,,378,0,8,,,,,,,,70,2,,actMelee spShortTeleport spDarknessArrow actWaitMelee,actSummonYeek,20,,,,,,,,,,,,
イークの射手,241,,yeek archer,/yeek/,yeek,archer,humanoid,fltYeek,4,100,400,,,,,,,378,0,2,,,,,,,,30,2,,actWaitMelee,,,,,,,,,,,,,,
イークの首領『ルードルボ』,242,,yeek,/yeek/,yeek,wizard,humanoid,fltYeek,14,100,400,,,,,,,381,0,,,,,,,,,80,1,spHeal,actMelee actWaitMelee actSummonYeek spDarknessArrow,spShortTeleport actCurse,20,SpUnique,,,「ケケケッ」\n「コロセ！」\n「愚か者に死を」,「イーク万歳！」,「イーク万歳！」,,,,,,
負傷兵『アーノルド』,243,,<Arnord> the injured soldier,/man/,norland,gunner,humanoid,,15,100,400,,,,,cNeutral,0,383,0,,36,,,,,,aiStand,,1,,,,,SpUnique,,「ヤ、ヤツらがくる！」#{Pah  a minor flesh wound…}\n「撃つのを止めるな…ヤツらを近づけるな！」#{Come closer… I got rounds for this thing still…}\n「オーマイガッ！」#{It's not a tumor!}\n「神よぉ…」#{I'll be back.},「うわぁぁぁ！」,「爆死よりはマシか」,「アポ！」,,,,,,
地雷侍,244,,kamikaze samurai,,norland,warrior,humanoid,fltKamikaze,18,25,400,,,cSuicide,,,,385,0,,,,,,,,,,,,actSuicide,,,,,,「武士とは死ぬこととみつけたり！」\n「玉砕じゃ！」\n「死なばもろとも」,「バンザーイ！」\n「スシ！」,「討ち取ったり！」,,,,,,
爆弾岩,245,,bomb rock,,rock,predator,animal,,25,20,400,,,cSuicide,,,,386,0,,,,,,,,,10,2,,actSuicide,spShortTeleport,10,,,,,,,,,,,,
シルバーキャット,246,,silver cat,/wild/cat/,cat,,animal,,3,1,0,,,,,cDislike,,387,0,,,,n*,,,,,100,1,,,,,,gosub *eatCat,「ミャア」#{Meow.}\n「にゃ」#{Mew.}\n「ミャ」#{Mew mew.}\n「にゅぅ」#{Mew!}\n「ニャア」#{Mewl.},「ニャー！」#{Meow!}\n「ニャウ！」#{Mew mew!}\n「ニャン！」#{Mew!}\n「ゥニャ！」#{Meow},「ニャァー…ァ」#{Me...meow....},* ふしゅぅ * #*hiss*\n「ニャァー！」#{Meoow!}\n「にゃー」」#{Meew!}\n「ゥニャ！」#{Mew!}\n爪を研ぐ音が聞こえる。#{Meow meow.},「おかえりニャン！」,,,,,
猫かぶり『ミーア』,247,,<Mia> the cat freak,/man/,norland,,humanoid,,4,100,400,,,,,cNeutral,1,388,0,,34,,,,,,,,1,,,,,SpUnique,,「るんるんるん♪」#{I nyo talk funny  nyou talk funny♪}\n「うみみゃ？」#{Nyah! Water! I hates it so.}\n「にしし！」#{Pug!}\n「ふ〜んふ〜んふ〜ん♪1」#{Nyo touching! No Bump-Bump for nyou.}\n「きのこのこのこげんきのこぉ〜♪ 」#{♪Nyobody knyows the touble Mia's seen  nyobody knyows Mia's Tru-bull♪}\n「おー。えりんぎまいたけぶなしめじぃ〜」#You hear the oddest voice in the crowd  it is lilting and...cat-like?\n「フーン　フンフン　フーン　フンフン　ネコのフ〜ン♪　フーン　フンフン　フーン　フンフン　かたい♪」#{Meow♪1},,「はわわ、きっと来世は猫に生まれるんだモン」,「アーン、バカ♪」,,,,,,
ティラノサウルス,248,,Tyrannosaurus,/dragon/,dinosaur,predator,animal,,30,50,400,,,,,,,389,0,,,,,,,,,100,1,,,,,,,,,,,,,,,,
妹,249,,younger sister,/man/,roran,thief,humanoid,,50,100,400,,,cHorse,,cNeutral,,105,0,,,,n*,,,,,,,,,actSummonSister,100,Sp,,"「""+_onii(cSex(pc))+""ちゃんー」\n「""+_onii(cSex(pc))+""ちゃん！」\n「""+_onii(cSex(pc))+""ちゃ〜ん」\n「""+_onii(cSex(pc))+""ちゃんっ」\n「""+_onii(cSex(pc))+""ちゃん？」\n「""+_onii(cSex(pc))+""〜ちゃん」\n「""+_onii(cSex(pc))+""ちゃん♪」",,「ダメぇ！」,あなたは妹の頭をなでた。\nあなたは妹の姿に目を細めた。\n妹は上目づかいにあなたの顔を覗いた。,"「おかえり、""+_onii(cSex(pc))+""ちゃん！」\n「おかえりなさーい、""+_onii(cSex(pc))+""ちゃん♪」\n「待ってたよ、""+_onii(cSex(pc))+""ちゃん」",,,,,
妖精,250,,fairy,,fairy,,humanoid,,13,50,400,,,cFloat cDropgold,,,,390,0,,,,,,,,,60,1,,actMelee spMindBolt,spShortTeleport actSteal,40,,,,,,,,,,,,
トロール,251,,troll,,troll,,humanoid,fltOrc,14,100,400,,,,,,,391,0,,,,,,,resWeak(fire),,,,,,,,,gosub *eatTroll,,,,,,,,,,
悩める魔術士『レントン』,252,,<Renton> the suffering wizard,/man/,norland,wizard,humanoid,,45,100,400,,,,,cNeutral,0,392,0,,5,,,,,,,50,2,,spChaosArrow spSoundBall spNetherArrow spMutation,,,SpUnique,,「意味なんてものはないさ」#{I mean there's nothing in my soul but pain and misery. Oh and agony too  can't leave that out.}\n「身体はまだ動くよ、油の切れた機械のように。だが心は…」#{My body will keep moving  like a machine  but without the oils of love  my heart will not stop squeaking}\n「もし生まれ変われるのなら…」#You hear the shuffling step of a man who's world is nothing but pain and misery. With just an aftertase of agony  for good measure\n「もう死んでもいいかな？」#{Will the kiss of Death bring an end to the cloying  double-plus-ungood that is my life?},「ああ、わかりやすくていいね」,「死か。別に何も感じない」,「心配するな。生きている価値なんて、もともとこの世界にはないよ」,,,,,,
稀代の泥棒『マークス』,253,,<Marks> the great thief,/man/,juere,thief,humanoid,,25,100,400,,,,,cNeutral,0,394,0,,1,,,,,,,70,1,,,actSteal,25,SpUnique,,「私に不可能はないのです」#{Impossible? Bah  to you maybe.}\n「捕まえられるものなら、どうぞいつでも」#{You catch me? Ha! You'd have a better chance shackling your shadow!}\n「そこらのコソ泥と、一緒にしないでください」#You hear the swagger of a man of supreme confidence  only it's oh so quiet…,「ホッホッホッ」,「これは何かの間違いです」,「ホホーっ」,,,,,,
古代の棺,254,,ancient coffin,/undead/,zombie,,humanoid,fltMummy,19,50,400,,,,,,,395,0,,,,,,,,,80,1,,actMelee actMelee actGazeDim spWeakArmor,actCurse,15,,gosub *eatRotten,,,,,,,,,,
サソリ,255,,scorpion,/wild/,centipede,,insect,,4,100,400,,,,,,,396,0,,,,,poison,150,resImm(poison),,100,1,,,,,,gosub *eatPoison\nif rnd(6)=0 : resistMod cc/rsResPoison/resistGrade,,,,,,,,,,
ダイオウサソリ,256,,king scorpion,/wild/,centipede,,insect,,24,100,400,,,,,,,396,0,3,,,,poison,350,resImm(poison),,100,1,,,,,,gosub *eatPoison\nif rnd(6)=0 : resistMod cc/rsResPoison/resistGrade,,,,,,,,,,
ピラミッドの主『ツェン』,257,,<Tuwen> the master of the pyramid,/undead/,zombie,warrior,humanoid,fltMummy,28,100,400,,,cDeathMaster,,,,219,0,8,,,,,,,,100,1,,,actDeath actTouchWeaken ,30,SpUnique,gosub *eatRotten,,,,,,,,,,
鉄の処女,258,,iron maiden,,machine,,humanoid,,25,50,400,,cBarrier(rc)=rsResCut+250*extBarrier,cResFear,,,,198,0,,,,,cut,150,,,100,1,,,,,,gosub *eatHard,,,,,,,,,,
爆弾魔『ノエル』,259,,<Noel> the bomber,/man/,juere,thief,humanoid,,20,100,400,,,,,cNeutral,1,199,0,,15,,,,,,,70,1,,,actSteal,25,SpUnique,,「もえちゃえ」#You hear a someone making ticking sounds  followed by a pantomimed 'Ka-BOOOOM'  followed by manical laughter\n「クズね。この世界は」#{He says to me  he says to me  'Baby I'm TIRED of workin' for the MAN!' I says  I says  WHY DON'T YOU BLOW HIM TO BITS?}\n「あたし、綺麗かしら？」#{You got STYLE  baby. But if you're going to be a real villain  you gotta get a gimmick.' And so I go I says YEAH  baby. A gimmick  that's it. High explosives.},「ヘンタイ！」,「全部、全部、真っ赤にもえちゃ…」,「綺麗な血。ぺろっ」,,,,,,
黒猫,260,,black cat,/god/,servant,thief,humanoid,,8,50,400,,,cFloat,,,,211,0,,,,n*,,,,,75,1,,actMelee,spMagicArrow actDrainBlood actGazeInsane,30,SpUnique,,「うみみゃ」\n「みゅー」\n「みゃ」\n *ごろごろ* ,「フシューッ」\n「うみみゃ！」\n「みゃ！」,「うみ…みゃ…」,黒猫は尻尾をふった。,「おかえりみゃー」,,,,,
妖精さん,261,,cute fairy,/god/,servant,archer,humanoid,,8,50,400,,,cFloat,,,,217,0,,,,n*,,,,,40,2,,actRange,spDaze spSpeedDown spNetherArrow,20,SpUnique,, *パタパタ*  #You hear the fluttering of gossamer wings\n「にひひ」#You hear tittering laughter like tiny crystal bells\n *ハタハタ* #You smell what reminds you of sugerplums…,,,,,,,,,
アンドロイド,262,,android,/god/,servant,gunner,humanoid,,8,50,400,,,cFloat,,,,218,0,,,,n*,,,,,40,2,,,actBoost,3,SpUnique,,,,,,,,,,,
黒天使,263,,black angel,/god/,servant,archer,humanoid,,8,50,400,,,cFloat cHorse,,,1,236,0,,,,n*,,,,,70,1,,actMelee actMelee actInsult actRange,spSpeedUp actBoost spSpeedDown ,8,SpUnique,, *パタパタ*  #You hear what sounds like wings of feather  but with grace and dignity somehow...\n * ばさっばさっ*#You hear a quiet voice in prayer  but with a note of sadness...\n *ハタハタ* #You smell Myrrh in the air  but with the faintest hints of charcoal…,,「きゃあ！」,「地獄に落ちなさい」\n「いいざまね」,,,,,,
追放者,264,,exile,/god/,servant,wizard,humanoid,,8,50,400,,,cFloat cRapidMagic,,,,269,0,,,,n*,,,,,65,2,,spMagicArrow spNetherArrow spDarknessArrow,,,SpUnique,,,,,,,,,,,
黄金の騎士,265,,golden knight,/god/,servant,warrior,humanoid,,8,50,400,,,cFloat,,,1,267,0,,,,n*,,,,,100,1,spHealCritical,,actInsult spRegeneration,8,SpUnique,,,,,,,,,,,
防衛者,266,,defender,/god/,servant,warmage,humanoid,,8,50,400,,,cFloat cLayHand,,,0,242,0,,,,n*,,,,,100,1,spHealRain,,spHolyShield spRegeneration,8,SpUnique,,,,,,,,,,,
駄馬,267,,lame horse,/wild/horse/,horse,,animal,,1,10,400,,,cHorse,,cDislike,,262,0,17,,,n*,,,,,100,1,,,,,,gosub *eatHorse, *ぱかぱか* #You hear faltering hoofbeats in the distance\n *ぱからっぱからっ*#\n *パコパコ*#,,「ひ…ひん…」,「ヒヒーン！」,「おかえりヒヒーン！」,,,,,
ヨウィン馬,268,,Yowyn horse,/wild/horse/,horse,predator,animal,,15,10,400,,,cHorse,,cDislike,,262,0,16,,,n*,,,,,100,1,,,,,,gosub *eatHorse, *ぱかぱか* #You hear the crisp hoofbeats of a horse trained for war\n *ぱからっぱからっ*#\n *パコパコ*#,,「ひ…ひん…」,「ヒヒーン！」,「おかえりヒヒーン！」,,,,,
農夫,269,,farmer,/man/,norland,tourist,,,5,2,400,,,,,cDislike,,179,180,,0,,n*,,,,,,,,,,,TownSp,,,「なにするだー」\n「やめるだー」,「おらは…おらはー！」\n「田舎モンだからって…！」\n「食べ物を粗末にするな！」\n「はぐわ」,「よわいべ」#{Weak!},,,,,,
修道女,270,,sister,/man/,norland,tourist,,,5,2,400,,,,,cDislike,,181,182,,0,,n*,,,,,,,,,,,TownSp,,,「おやめなさい」\n「暴力はダメです」,「なんという悪」\n「大罪です…」\n「ふにゃー」,,,,,,,
ならずもの,271,,rogue,/man/,norland,thief,,,8,2,400,,,,,cDislike,,183,184,,0,,n*,,,,,,,,,actSteal,50,TownSp,,,「喧嘩か」\n「みぐるみはいでやるよ」,「きさまー」\n「このままでは終わらないぞ」,「おねんねしてな」,,,,,,
芸術家,272,,artist,/man/,norland,wizard,,,6,2,400,,,,,cDislike,,185,186,,0,,n*,,,,,,,,,,,TownSp,,,「感性の下劣なやつめ！」\n「低俗なやつだ」,「これぞ芸術！」\n「争いとは無縁の世界に生きていたのに」\n「アートだー！」,「人をあやめてしまった！」,,,,,,
鉱夫,273,,miner,/man/,norland,tourist,,,5,2,400,,,,,cDislike,,187,188,,0,,n*,,,,,,,,,,,TownSp,,,「炭鉱の毒にでもやられたか？」\n「この街の平和は俺が守る」,「夢だ。これは悪い夢なんだ」\n「うげあー」,「炭鉱で鍛えた成果だな」,,,,,,
貴族,274,,noble,/man/,norland,warrior,,,10,2,400,,,,,cDislike,,189,190,,0,,n*,,,,,,,,,,,TownSp,,,「無礼者！」\n「ガード、とっととこのアホを捕まえろ」\n「ガード！きてくれー！」,「パパにいいつけてやるんだ」\n「なんという！なんという…！」\n「や、やめて…」,「ゴミくずめ」,,,,,,
ノイエル馬,275,,Noyel horse,/wild/horse/,horse,predator,animal,,10,10,400,,,cHorse,,cDislike,,262,0,15,,,n*,,,,,100,1,,,,,,gosub *eatHorse, *ぱかぱか* #You hear hoofbeats  a trot that almost belongs on a parade\n *ぱからっぱからっ*#\n *パコパコ*#,,「ひ…ひん…」,「ヒヒーン！」,「おかえりヒヒーン！」,,,,,
野生馬,276,,wild horse,/wild/horse/,horse,predator,animal,,4,10,400,,,cHorse,,cDislike,,262,0,6,,,n*,,,,,100,1,,,,,,gosub *eatHorse, *ぱかぱか* #You hear hoofbeats  but they are wild and free\n *ぱからっぱからっ*#\n *パコパコ*#,,「ひ…ひん…」,「ヒヒーン！」,「おかえりヒヒーン！」,,,,,
サラブレッド,277,,wild horse,/wild/horse/,horse,predator,animal,,20,10,400,,,cHorse,,cDislike,,262,0,10,,,n*,,,,,100,1,,,,,,gosub *eatHorse, *ぱかぱか* #You hear hoofbeats. You hope it's not zebras\n *ぱからっぱからっ*#\n *パコパコ*#,,「ひ…ひん…」,「ヒヒーン！」,「おかえりヒヒーン！」,,,,,
ミュータント,278,,mutant,,mutant,warrior,humanoid,,6,70,400,,,,,,,191,0,,,,n*,,,,,100,1,,,,,,,,,,,,,,,,
生化学者『イコール』,279,,<Icolle> the biologist,/man/,yerles,gunner,humanoid,,15,100,400,,,,,cNeutral,0,263,0,,17,,,,,,,70,1,,,,,SpUnique,,「これからの世界はカガクなのじゃ」#{Science is it's own reward!}\n「実験体が足りぬ」#{With a little bit of this  and a little bit of that  why  who knows what you are going to get?}\n「ふむふむ…この遺伝子を猫に組み込めば…」#{I wonder if a black cat's genes are more or less lucky than a regular cat?},,「カガク万歳！」,,,,,,,
掃除屋『バルザック』,280,,<Balzak> the janiator,/man/,norland,,humanoid,,10,100,400,,,,,cNeutral,0,192,0,,30,,,,,,aiSpecial,70,1,,,,,SpUnique,,「街の衛生は俺が守る！」#{This citie's health is my charge!}\n「街道にゴミを捨てる奴はゆるさねえ」#{Those who DARE litter before me shall face my broom!}\n「俺はゴミの天敵だ」#{I am garbage's worst nightmare.},,「俺はゴミじゃない！」,「掃除完了」,,,,,,
リザードマン,281,,lizard man,/dragon/,lizardman,warrior,humanoid,,7,100,400,,,cTemper,,,,397,0,,,,,,,,,,,,,,,,,,,,,,,,,,
ミノタウロス,282,,minotaur,/mino/,minotaur,warrior,humanoid,,18,70,400,,,,,,,398,0,,,,,,,,,,,,,,,,,,,,,,,,,,
胞子きのこ,283,,spore mushroom,,mushroom,,insect,,8,50,400,,,,,,,399,0,,,,,mind,150,,aiStand,0,2,,actWaitMelee actAttackDist7,,,,gosub *eatPoison,,,,,,,,,,
混沌きのこ,284,,chaos mushroom,,mushroom,,insect,,21,50,400,,,,,,,399,0,8,,,,chaos,250,,aiStand,0,2,,actWaitMelee actAttackDist7,,,,,,,,,,,,,,
ブルーバブル,285,,blue bubble,/slime/,slime,,animal,,22,25,400,,,cSplit,,,,400,0,17,,,,,,resImm(acid),,,,,,,,,,,, *ぷちゅ* #*putit*,,,,,,,
バブル,286,,bubble,/slime/,slime,,animal,,9,25,400,,,cSplit,,,,400,0,,,,,,,resImm(acid),,,,,,,,,,,, *ぷちゅ* #*putit*,,,,,,,
塊の怪物,287,,mass monster,,drake,,animal,,20,25,400,,,cSplit,,,,401,0,,,,,,,,aiStand,20,1,,actWaitMelee,actTouchWeaken,15,,,,,,,,,,,,
魔術士ギルドマスター『レヴラス』,288,,<Revlus> the mage guildmaster,/man/,norland,wizard,humanoid,,55,100,400,,,cFloat cRapidMagic,,cNeutral,0,193,0,,13,,,,,,,65,2,,spMagicArrow spNetherArrow spDarknessArrow,,,SpUnique,,魔法を詠唱する声が聞こえる。#{Magic is not for the faint of heart  nor dull of mind.}\n辺りはピリピリとした緊張で包まれている。#You hear chants for spells you can't even begin to imagine the purpose of\n部屋全体に魔力の波がただよっている。#A pulse of arcane and raw eldritch energies nearly knocks you off your feet,「口で言っても無駄のようですね」,「そ、そんなはずはないのです！」,「みなさん、新たな献体が手に入りましたよ」,,,,,,
魔術士ギルド,289,,mage guild member,/man/,eulderna,wizard,humanoid,,26,2,400,,,,,cDislike,,195,194,,0,,n*,,,,,50,2,,actMelee spMagicArrow spIceBolt spDarknessBolt,,,TownSp,,,「侵入者か？」\n「ギルドメンバーを集めろ。敵襲だ！」,「無念！」,「ネズミめ」,,,,,,
魔術士ギルドの番人『レクサス』,290,,<Lexus> the guild watchman,/man/,norland,wizard,humanoid,,38,100,400,,,cFloat cRapidMagic,,cNeutral,0,196,0,,5,,,,,,aiStand,65,2,,spMagicArrow spNetherArrow spDarknessArrow,,,SpUnique,,「この先は魔術士ギルドの管轄だ」#{I am an officer of the Mage Guild's jurisdiction. Beware the un-learn-ed.}\n「止まれ…身分を照会させてもらう」#{Stop... Let me make sure you are on my lists.},,,,,,,,,
戦士ギルドマスター『フレイ』,291,,<Fray> the fighter guildmaster,/man/,norland,warrior,humanoid,,55,100,400,,,,,cNeutral,1,80,0,,17,,,,,,,90,1,,,,,SpUnique,,,,,,,,,,,
盗賊ギルドマスター『シン』,292,,<Sin> the thief guildmaster,/man/,juere,thief,humanoid,,55,100,400,,,,,cNeutral,0,197,0,,6,,,,,,,65,1,,,,,SpUnique,,,,,,,,,,,
盗賊ギルド,293,,thief guild member,/man/,juere,thief,humanoid,,26,2,400,,,,,cDislike,,76,77,,0,,n*,,,,,50,1,,,,,TownSp,,,「侵入者か？」\n「ギルドメンバーを集めろ。敵襲だ！」,「無念！」,「ネズミめ」,,,,,,
盗賊ギルドの番人『アビス』,294,,<Abyss> the thief watchman,/man/,juere,thief,humanoid,,38,100,400,,,,,cNeutral,0,196,0,,5,,,,,,aiStand,65,1,,,,,SpUnique,,「この先は盗賊ギルドの管轄だ」#{I am an officer of the Thief Guild's jurisdiction. Beware the clumsy-fingered.}\n「止まれ…身分を照会させてもらう」#{Stop… Let me make sure you are on my lists.},,,,,,,,,
戦士ギルド,295,,fighter guild member,/man/,norland,warrior,humanoid,,26,2,400,,,,,cDislike,,78,79,,0,,n*,,,,,90,1,,,,,TownSp,,,「侵入者か？」\n「ギルドメンバーを集めろ。敵襲だ！」,「無念！」,「ネズミめ」,,,,,,
ミノタウロスの術士,296,,minotaur magician,/mino/,minotaur,priest,humanoid,,22,70,400,,,,,,,398,0,4,,,,,,,,60,,,actMelee spFireBolt spIceBolt spNetherArrow,actCurse,10,,,,,,,,,,,,
戦士ギルドの番人『ドリア』,297,,<Doria> the fighter watchman,/man/,norland,warrior,humanoid,,38,100,400,,,,,cNeutral,0,196,0,,5,,,,,,aiStand,90,1,,,,,SpUnique,,「この先は戦士ギルドの管轄だ」#{I am an officer of the Fighter Guild's jurisdiction. Beware the weak-thewed.}\n「止まれ…身分を照会させてもらう」#{Stop… Let me make sure you are on my lists.},,,,,,,,,
ミノタウロスの闘士,298,,minotaur boxer,/mino/,minotaur,predator,humanoid,,23,70,400,,,cTemper,,,,398,0,3,,,,,,,,,,,,,,,,,,,,,,,,,
ミノタウロスの戦士,299,,minotaur king,/mino/,minotaur,warrior,humanoid,,25,40,400,eqTwoHand=true,,,,,,398,0,8,,,,,,,,,,,,,,,,,,,,,,,,,
ミノタウロスの王『ウンガガ』,300,,<Ungaga> the minotaur king,/mino/,minotaur,warrior,humanoid,,31,40,400,eqWeapon1=695\neqTwoHand=true,,,,,,398,0,10,,,,,,,,,,,,actBoost,5,SpUnique,,,,,,,,,,,
パルミア少将『コネリー』,301,,<Conery> Palmian major general,/man/,norland,warrior,humanoid,,38,100,400,eqTwoHand=true,,cTemper,,cNeutral,0,403,0,,39,,,,,,,100,1,,,,,SpUnique,,「うむうむ、精進せよ」#{Kill a man  they put you in the gallows. Kill ten-thousand  they make you a General.}\n「困ったことになったぞ」#{We're going to need all the help we can get  yes indeed.}\n「軍人たるもの、常に身だしなみに気をつけねばならぬ」#{You know what separates a soldier from a thug? The polish on his buttons  that's what.},「貴様、軍事裁判にかけてやるわ」,「ちょこざいなー！」,「こわっぱが」,,,,,,
盗賊団の頭領,302,,rogue boss,/man/rogue/,juere,warrior,humanoid,,12,25,400,,,,,,,150,0,,,,n*,,,,,80,1,,,actBoost,4,SpUnique,,,「イヒヒヒヒ」\n「もうすぐ殺してあげるよ」\n「かわいそうに、ウヒャ」\n「おまえさん、ついてないな」\n「馬鹿な選択をしたね」,「たちけて」\n「ひぃぃ、こいつ強い」\n「命だけは！」,「ついてなかったな」,,,,,,
盗賊団の用心棒,303,,rogue warrior,/man/rogue/,juere,thief,humanoid,,10,25,400,eqTwoHand=true,,,,,,31,0,,,,n*,,,,,80,1,,,,,,,,「イヒヒヒヒ」\n「もうすぐ殺してあげるよ」\n「かわいそうに、ウヒャ」\n「おまえさん、ついてないな」\n「馬鹿な選択をしたね」,「たちけて」\n「ひぃぃ、こいつ強い」\n「命だけは！」,「ついてなかったな」,,,,,,
盗賊団の殺し屋,304,,rogue archer,/man/rogue/,juere,gunner,humanoid,,10,25,400,,,,,,,158,0,,,,n*,,,,,50,1,,actRange,,,,,,「イヒヒヒヒ」\n「もうすぐ殺してあげるよ」\n「かわいそうに、ウヒャ」\n「おまえさん、ついてないな」\n「馬鹿な選択をしたね」,「たちけて」\n「ひぃぃ、こいつ強い」\n「命だけは！」,「ついてなかったな」,,,,,,
盗賊団の術士,305,,rogue wizard,/man/rogue/,juere,priest,humanoid,,10,25,400,,,,,,,157,0,,,,n*,,,,,50,2,,,spFireBolt spMagicArrow spSpeedDown,30,,,,「イヒヒヒヒ」\n「もうすぐ殺してあげるよ」\n「かわいそうに、ウヒャ」\n「おまえさん、ついてないな」\n「馬鹿な選択をしたね」,「たちけて」\n「ひぃぃ、こいつ強い」\n「命だけは！」,「ついてなかったな」,,,,,,
《風のルルウィ》,306,,<Luluwy>,/god/,god,archer,lich,,350,100,400,,,,,cNeutral,1,393,0,,,,,,,,,60,2,,,actInsult actGazeInsane,30,SpUnique,,,,,,,,,,,
死刑執行人,307,,executioner,/undead/,lich,warrior,lich,,18,10,400,eqWeapon1=735\neqTwoHand=true,,cDeathMaster,,,,404,0,,,,,,,,,60,1,,actMelee actMelee spLightningBolt spShortTeleport,actDeath,20,,,,,,,,,,,,
死神の使い,308,,messenger of death,/undead/,lich,warrior,lich,,35,10,400,eqWeapon1=735,,cDeathMaster,,,,404,0,4,,,,,,,,70,1,,actMelee spLightningBolt spShortTeleport,actDeath,20,,,,,,,,,,,,
阿修羅,309,,asura,/god/,asura,warrior,humanoid,,12,100,400,eqMultiWeapon=2 ,,,,,,405,0,,,,,,,,,90,1,,,,,,,,,,,,,,,,
ミトラ,310,,mitra,/god/,asura,warrior,humanoid,,26,100,400,eqMultiWeapon=266 ,,,,,,405,0,2,,,,,,,,90,1,,,,,,,,,,,,,,,,
ヴァルナ,311,,varuna,/god/,asura,warrior,humanoid,,37,100,400,eqMultiWeapon=224 ,,,,,,405,0,3,,,,,,,,90,1,,,,,,,,,,,,,,,,
大食いトド,312,,hungry sea lion,,ent,predator,humanoid,,8,40,400,,,cFloat,,,,406,0,,,,,,,,,100,1,,actMelee,actEatFood,25,,,,,,,,,,,,
超大食いトド,313,,super hungry sea lion,,ent,predator,humanoid,,19,40,400,,,cFloat,,,,406,0,16,,,,,,,,100,1,,actMelee,actEatFood,25,,,,,,,,,,,,
デスゲイズ,314,,death gaze,,eye,predator,animal,,29,60,400,,,cFloat cResFear,,,,407,0,3,,,,nerve,450,resImm(mind.nerve),aiStand,15,1,,actWaitMelee,actGazeMana,20,,gosub *eatEye\nif rnd(3)=0:resistMod cc/rsResNerve/resistGrade,,,,,,,,,,
カオスアイ,315,,chaos eye,,eye,predator,animal,,14,60,400,,,cFloat cResFear,,,,207,0,8,,,,chaos,400,resImm(mind.nerve),aiStand,15,1,,actWaitMelee,actMutation,10,,gosub *eatEye\nif rnd(3)=0:resistMod cc/rsResChaos/resistGrade,,,,,,,,,,
マッドゲイズ,316,,mad gaze,,eye,,animal,,7,60,400,,,cFloat cResFear,,,,407,0,4,,,,mind,300,resImm(mind.nerve),aiStand,15,1,,actWaitMelee,actGazeInsane,30,,gosub *eatEye\nif rnd(3)=0:resistMod cc/rsResMind/resistGrade,,,,,,,,,,
銀眼の斬殺者,317,,silver eyed witch,,roran,claymore,humanoid,,28,50,400,eqWeapon1=232\neqTwoHand=true,,,,,1,279,0,,,,n*,,,,,80,1,,,actInsult,10,,,「何故私に興味を持つ？怖くは無いのか？」 #{What do I have to fear? You aren't an Abyssal One.}\n「やれやれ。ペットを持った気分だ」#{Good grief  is someone trying to cop a feel?} ,「オマエ…私と同じ目をしているな」\n「ついてこれるか？」,「ふっ。人のまま死ねて嬉しいよ」\n「どうせすぐ忘れられる名だ」 ,「オマエ弱いな。ナンバーはいくつだ？」\n「優秀だが長く生きすぎたな」\n「金は要らん。後から取りに来る者がいるから金はその時に渡せばいい」,,,,,,
『ビッグダディ』,318,,<Big daddy>,,machinegod,gunner,humanoid,,30,50,400,eqRange =496 .fixGreat\neqAmmo =fltAmmoPistol .fixGood ,,cResFear,,cNeutral,0,408,0,,,,,,,,,25,3,,,,,SpUnique,gosub *eatHard, *ドスン*  #You feel the ground tremble with the steps of a large  angry  Protector\nリトルシスター「見てMr Bubbles、天使がいるわ」#Little Sister: {Look Mr. Bubbles  the angels.}\nリトルシスター「急いでMr Bubbles、空で天使が踊っているの！」#Little Sister: {Look Mr. Bubbles  the angels are dancing in the sky!}\n *ドン*  #You hear the tread of something you do NOT want to anger. Ever.,リトルシスター「殺せ！殺せ！」\nリトルシスター「粉々に砕いちゃいなさい！」\nリトルシスター「いけMr Bubbles、いけ！！」,「グウォォォォ！」,リトルシスター「天使の血でお腹を満たすの」,,,,,,
『リトルシスター』,319,,<Little sister>,,mutant,tourist,humanoid,,1,50,400,,,,,cNeutral,1,409,0,,,,,,,,,100,5,,,,,SpUnique,,「Mr Bubbles、動いて…おねがい！」#{Mr. Bubbles  please stand up… Please!}\n「来ないで！触わらないで！」#You hear the sound of a frightened little girl somewhere\n「天使…天使に出会うまで、まだ死にたくないの…」#{Angel  angel  until we find the right one we don't dare die…},「い、いや…！こないで！やだ…助けて…お願い…」,「死…死にたくない…いやあぁ…ぁ」,「天使の血でお腹を満たすの」,,,,,,
清掃員,320,,cleaner,/man/,norland,gunner,,,32,10,100,,,,,cNeutral,0,410,0,,0,,n*,,,,aiSpecial,50,3,,,actThrowSalt,30,TownSp,,,「なめくじぃ」\n「俺様に歯向かうとはいい度胸だ」,「ああ、俺の肉片が街を汚してしまう！」,「フハハハハ！」\n「この下等生物め」,,,,,,
ハードゲイ,321,,hard gay,,norland,predator,humanoid,,10,15,200,,,cSuicide,,,0,411,0,,,,,,,,,100,1,,actSuicide,,,,,「フーーーーｰｰ！」#{Foooooo!}\n「フーーー」#{Fooooo}\n「フゥーーーー！」#{Foooooo!},「フーーーーｰｰ！」#{Foooooo!}\n「フーーー」#{Fooooo}\n「フゥーーーー！」#{Foooooo!},「フーーーーｰｰ！」#{Foooooo!}\n「フーーー」#{Fooooo}\n「フゥーーーー！」#{Foooooo!},「フーーーーｰｰ！」#{Foooooo!}\n「フーーー」#{Fooooo}\n「フゥーーーー！」#{Foooooo!},「フーーーーｰｰ！」#{Foooooo!}\n「フーーー」#{Fooooo}\n「フゥーーーー！」#{Foooooo!},,,,,
『謎の科学者』,322,,<Strange scientist>,/man/,roran,gunner,humanoid,,15,50,400,,,,,cNeutral,1,412,0,,,,,,,,,100,3,,,,,SpUnique,,「正しいことを行うのが時には難しいこともあるわ」#{The path of the righteous is not always easy  yes?}\n「私の子供達を傷つけたらひどいわよ」#{I'll not have him hurt my Little ones… I've worked far too long on them to see them fail now.},「どうしてそんなことができるの？」#{How can you do this things?},「あなたには心がないの？」#{Have you no heart?},「あなたには心がないの？」#{Have you no heart?},,,,,,
シェイド,323,,shade,/undead/,ghost,,humanoid,,12,10,0,,,cFloat,,,,280,0,,,,,nether,400,,,100,1,,actMelee actTouchFear actTouchWeaken,,,,gosub *eatWil\nskillExp rsWIL/cc/250,,,,,,,,,,
クイックリング,324,,quickling,,quickling,,humanoid,,10,15,400,,,cNoHorse cResEle,,,,281,0,19,,,,,,,,50,2,,,,,,gosub *eatQuickling,,,,,,,,,,
クイックリングの弓使い,325,,quickling archer,,quickling,archer,humanoid,,17,15,400,,,cNoHorse cResEle,,,,281,0,5,,,,,,,,50,3,,actMelee actWaitMelee actWaitMelee,actInsult,2,,gosub *eatQuickling,,,,,,,,,,
吟遊詩人,326,,bard,/man/,juere,pianist,,,16,2,400,,,,,cDislike,,148,0,,0,,n*,,,,aiSpecial,,,,,,,Shop,,「タラララララー♪」#{Oh I once heard of a place called Nantucket...}\n「チキチキ♪」#{Ninety-nine Yeeks in a dank hole. Ninety-nine Yeeks in a Hole!}\n「ドナドナドナ〜♪」#{Crawling in my Robes! These wounds will need a Healer!}\n「ダバダ〜♪」#{If you go down to the woods today. You're sure of a big surprise. If you go down to the woods today. You'd better go in disguise.},「や、やめてくれたまえ」#{S-Stop it..!}\n「そんなに耳障りな演奏だったかい？」#{Was my music that bad?},「そんな馬鹿な…」#{No way!}\n「厳しい客だぜ」#{It's a bitter tirade.}\n「下手で悪かったよ」#{Did I suck that bad?} ,,,,,,,
キューブ,327,,cube,,machine,,animal,,52,15,400,,,cSplit2 cResEle,,,,282,0,,,,,,,,aiStand,20,1,,actWaitMelee,actGazeDim,20,,,,,,,,,,,,
シルバーベル,328,,silver bell,,metal,,animal,,3,2,0,,,cNoHorse cMetal cResEle cFloat,,,,252,0,,,,,,,,,30,4,,,actVanish,1,,gosub *eatHard, *リン* #*ring*, *リン* #*ring*,,,,,,,,
ゴールドベル,329,,gold bell,,metal,,animal,,1,5,0,,,cNoHorse cMetal cResEle cFloat,,,,252,0,5,,,,,,,,30,3,,,actVanish,1,,gosub *eatHard, *リン* #*ring*, *リン* #*ring*,,,,,,,,
エイリアン,330,,alien,/dragon/,dinosaur,predator,animal,,19,40,400,,,,,,,283,0,17,,,,acid,250,,,100,1,,,actPregnant,7,,gosub *eatAlien,,,,,,,,,,
《幸運のエヘカトル》,331,,<Ehekatl>,/god/,god,warmage,lich,,350,100,400,,,,,cNeutral,1,413,0,,,,,,,,,60,2,,,actEhekatl,15,SpUnique,,,,,,,,,,,
迷子の子猫,332,,stray cat,/wild/cat/,cat,,animal,,9,10,0,,,,,cDislike,,387,0,6,,,n*,,,,,100,1,,,,,,gosub *eatCat,「おうちしってう？」#{Do you know where my home is?}\n「おうちかえう」#{I'm going home.}\n「おうちかえう！」#{I'm going home!}\n「ママどっち？おうちどっち？」#{Momma? Where are you?}\n「ニャア」#{Home! Nyaow!},「ころさえう」#{I'm gonna be killed.}\n「しぬぅ！」#{I'm gonna die!},「おうち…かえ…ぅ…」#{I'm...going...hom....e...},「あぁ〜ビックリしたぁ」#{That scared me!},,,,,,
ギルドトレイナー,333,,guild trainer,/man/,norland,warrior,humanoid,,69,100,400,,,,,cNeutral,,415,414,,0,,n*,,,,aiDull,,,,,,,Sp,,,,「私は善良な市民だったのに」#{I was a good citizen.}\n「くそめ」#{Go to hell!}\n「まいった」#{I give up.}\n「ぐえ」#{Nooooo.....}\n「嘘でしょ」#{Is it a joke?}\n「なぜなんだー」#{Why me.}\n「何の冗談ですか」#{W-What have you done!},,「準備はいいかい？いくぞ！」,,,,,
『謎のプロデューサー』,334,,<Mysterious Producer>,/man/,juere,tourist,humanoid,,7,50,400,,,,,cNeutral,0,416,0,,,,,,,,,100,3,,,,,SpUnique,,「正しいことを行うのが時には難しいこともあるわ」#{The problem is about choice. It is always about the choices we make.}\n「私の子供達を傷つけたらひどいわよ」#{While choices make the man  a pity most see only the shallowest ones to choose from.},「どうしてそんなことができるの？」#{How can you do this things?},「あなたには心がないの？」#{Have you no heart?},「あなたには心がないの？」#{Have you no heart?},,,,,,
娼婦,335,,prostitue,/man/,norland,thief,,,8,2,400,,,,,cNeutral,,418,417,,0,,n*,,,,aiSpecial,,,,,,,TownSp,,,「喧嘩か」\n「みぐるみはいでやるよ」,「きさまー」\n「このままでは終わらないぞ」,「おねんねしてな」,,,,,,
《エヘカトルの中の神》,336,,<God inside Ehekatl>,/god/,god,warmage,lich,,1200,100,400,eqTwoHand=true\neqWeapon1=739,,,,,1,413,0,,,,,,,,,30,2,,,actBreath spMagicLaser actDraw actDrainBlood,25,SpUnique,,,,,,,,,,,
囚人,337,,prisoner,/man/,norland,thief,,,3,2,400,,,,,cDislike,,419,420,,0,,n*,,,,,,,,,,,TownSp,,「だしてくれ！」\n「私は無実なのだよ」,「うわ、なにをする」,「あばよ」\n「死のう」,,,,,,,
《地のオパートス》,338,,<Opatos>,/god/,god,warrior,lich,,350,100,400,eqTwoHand=true\neqWeapon1=739,,,,cNeutral,0,432,0,,,,,,,,,100,1,,,actEhekatl,25,SpUnique,,,,,,,,,,,
《収穫のクミロミ》,339,,<Kumiromi>,/god/,god,farmer,lich,,350,100,400,eqTwoHand=true\neqWeapon1=739,,,,cNeutral,0,433,0,,,,,,,,,100,1,,,actEhekatl,25,SpUnique,,,,,,,,,,,
_test,340,,_test,,god,warmage,lich,,1200,100,400,eqTwoHand=true\neqWeapon1=739,,,,,0,435,0,,,,,,,,,30,2,,,actBreath spMagicLaser actDraw actDrainBlood,25,SpUnique,,,,,,,,,,,
地雷犬,341,,mine dog,,machine,,humanoid,,15,25,400,,,cResFear cImmuneMine,cAiSaveMana,,,434,0,,,,,,,,,40,3,,actDropMine actRandomMove,spGravity,15,,gosub *eatHard,,,,,,,,,,
《機械のマニ》,342,,<Mani>,/god/,god,gunner,lich,,350,100,400,eqTwoHand=true\neqWeapon1=739,,,,cNeutral,0,447,0,,,,,,,,,100,1,,,actEhekatl,25,SpUnique,,,,,,,,,,,
user,343,,user,,god,gunner,lich,,1,100,400,,,,,cNeutral,0,1,0,,,,,,,,,100,1,,,,,SpUnique,,,,,,,,,,,
マンモス,344,,Mammoth,/wild/,bear,,animal,fltBear,28,50,400,,,,,,,439,0,,,,,,,,,100,1,,,,,,gosub *eatSTR,,,,,,,,,,
『カネダのバイク』,345,,<Kaneda Bike>,,bike,predator,humanoid,,22,100,400,,,cResFear cHorse,,cNeutral,,470,0,,,,,,,,aiStand,0,1,,,,,SpUnique,gosub *eatHard,*ブルン ブルン* #*Varoom!*\n*バババババ* #*Va-Va-Va*,「てつぅぅぅうううおおおおおおお！！」#{Teeee tsuuu oooooo!!.}\n「よう、どうした。揉め事か？」#{Yo  what's up? A fight?}\n「やっとモーターのコイルが温まって来た所だぜ」#{Relax  it's gonna take some time to warm my engine up.},*ぷすん* #*Pan*,「ピーキーすぎてお前には無理だよ」#{My body is too peaky for ya.}\n「テツオ、まってろよ。俺が苦痛を終わらせてやる」#{Just hold on Tetsuo. I'm gonna find you to end your pain.},,,,,,
カブ,346,,cub,,bike,predator,humanoid,,8,5,400,,,cResFear cHorse,,cDislike,,471,0,,,,,,,,aiStand,0,1,,,,,,gosub *eatHard,* ボ ボ ボ * #*Bo-Bo-Bo*\n* プスン * #*Pusss*,「われぇ、いい度胸じゃぁ！」#{Craaaap! You are so dead!.}\n「おんどりゃぁ！」#{You dorf  get away get away!},*ぷすん* #*Pan*,「てつぅぅぅうううおおおおおおお！！」#{Teeee tsuuu oooooo!!.}\n「よう、どうした。揉め事か？」#{Yo  what's up? A fight?}\n「やっとモーターのコイルが温まって来た所だぜ」#{Relax  it's gonna take some time to warm my engine up.},,,,,,
ジュアの狂信者,347,,Jure fanatic,/man/,norland,wizard,,,5,2,400,,,cTemper,,cDislike,,285,284,,0,,n*,,,,,,,spHealRain,,,,Sp,,「ジュア様、ああ、ジュア様、罪深き私たちをどうかお許しください」#{Jure  oh holy Jure  forgive our sins and purify us from all unrighteousness.}\n「我々はあなた様のご光臨を強く願っております！」#{We're so ready to see you  Goddness Jure!}\n「ジュア様に栄光あれ！ジュア様に勝利を！」#{Glory to Jure! May the victory always be with Jure!}\n「さあ、あなたもジュア教に改宗しなさい」#{Come  become a new servant of Jure today.}\n「異教徒に死を！ジュアの名を汚すものに裁きの鉄槌を！」#{Death to the heretic! Crack down those who bring shame to the name of Jure!},,,,,,,,,
着ぐるみのバイト,348,,part time worker,/man/,norland,pianist,,,35,2,400,,,cTemper,,cNeutral,,473,0,,,,,,,,aiStand,,,,,,,SpUnique,,「今なら無料でジュア様の抱き枕が手に入るよ〜」#{St.Jure's body pillow for FREE!}\n「見てらっしゃい、よってらっしゃい」#{Step right up!}\n「そこの君、清楚で綺麗なお姉さんが君を待ってるよ」#{You there lucky one  a beautiful and sweet woman awaits for you!}\n「この荒れすさんだ世に咲く一輪の花、気高く汚れを知らぬ純白の乙女、その名も癒しのジュア！」#{A flower growing in the desert  fragile yet most noble. A maiden pure in heart with compassion and indomitable will to vanquish evil. Jure of Healing  our only Goddess!},,,,,,,,,
聖獣,349,,holy beast,/man/god/,norland,tourist,,,12,2,400,,,cTemper,,cDislike,,442,0,,,,,,,,,,,,,,,Sp,,「おめでたや。おめでたや」#{Happy holy night!}\n祭りは人で溢れかえり、太鼓や笛の音が絶え間なく聞こえる。#The town is awash with people arriving at the festival and drums and whistles make a merry rhythm.\n「祭りじゃー」#{It's a festival!}\nあなたはワクワクしてきた。#You feel excited.\n祭りの熱気で雪も溶けてしまいそうだ！#Fervor!,,,,,,,,,
祭りの観光客,350,,festival tourist,/man/,yerles,gunner,humanoid,,10,100,400,,,,,cDislike,,477,476,1,0,,n*,,,,,,,,,,,Sp,,「屋台でおいしいもの売ってるかな？」#{Let's check the food stall.}\n「今日ははじけるぜ」#{No! I want to play a little longer!}\n「なんとも騒々しいな」#{What a noisy street.}\n「これが噂の聖夜祭か…」#{So it's the holy night festival people were talking about...}\n「見て見て、子供が雪だるまをつくっているよ」#{Hey look  those children are making cute snowmen.}\n「なんだあの巨人は！」#{Where does the giant come from?}\n「すげえ！」#{Holy cow!}\n「もう今年も終わりなんだな」#{It's that time of year again.}\n「見ろ人がゴミのようだ」#{Aha  some human garbage.},「観光客だからって馬鹿にするな」\n「なんて治安の悪い国だ」\n「野蛮な土地だな」\n「金などもってないぞ」,「こんな国二度とくるか」\n「無差別テロだー」\n「いやーん」,「弱い弱い」,「おかえり。いやぁ、いい家に住ませてもらっています」,,,,,
『豹頭の戦士』,351,,<The leopard warrior>,/man/,cat,warrior,humanoid,,130,100,400,eqTwoHand=true\neqWeapon1=232,,cTemper,,cNeutral,0,478,0,,,,,,,,,,,,,actBoost,2,SpUnique,,「暁の女神アウラ…その名をどうやら俺は知っているようだ」#{Aural...it seems I know that name}\n「俺はあなたが好きだ。あなたは俺のたったひとりの姫だ。可愛いシルヴィア」#{Lady Silvia  you are my only princess}\n「子供たちよ戦え、そして希望しろ」\n「俺は自分が何者で、この仮面は何故かを、着き止めねばならん」\n「俺は…誰だ…？」\n「ヤーンがそう望むのなら」,「ヤーンがそう望むならば仕方あるまい」#{If Jarn wishes  then let it be done.}\n「ガルルル」#{Grrrrrr!}\n「ドールめ！」#{Doal!}\n「追い詰められたトルクに噛まれぬよう、気をつけなければな」,「ニャァー…ァ」#{Me...meow....},「ヤヌスのみ心のままに」#{Let Janus decide your fate}\n「ヤーンは与えたまい、また奪いたまう」,,,,,,
皇女『シルヴィア』,352,,<Silvia> The princess,/man/,norland,tourist,humanoid,,1,100,400,,,,,cNeutral,1,479,0,,,,,,,,aiSpecial,,,,,,,SpUnique,,「何よ、この、ばか豹！いじわるの、ばかの、何もわかってない唐変木のでくのぼう！」#{Come on  you stupid leopard! You ignorant  mean  stupid  uncouth numbnut!}\n「触らないで！私に触らないでよ、この豹！」#{Don't touch! Don't touch me  leopard!}\n誰かが足で床を踏み鳴らす音が聞こえる。#You hear someone stamps her feet.\n「どうせ私は姉さんとはメダカとクジラほど違う、ガリガリの痩せっぽっちで貧相なちびの妹よ。私の味方なんて、一人もいやしないんだわ！」\n「あんたが＊＊＊してくれないんなら、宮廷中の男をくわえこんで＊＊＊してやる！」,「ムチをくれるわよ！」#{I will beat you with a whip!}\n「こ、この、無礼者！お前なんか死刑にするわよ！」#{You...you insolent peasant! I will bring you to the scaffold!}\n「よくも切ったな！よくも私を切ったな！」\n「アアアアア！ヒィィィィ！人殺し！お父様にいってやる！」\n「いまやっとわかったわ。あなたは私が死ねばいいと本気で思ってるのね！」,「私なんか、生まれてこなければよかったんだわ！」#{To hell with me!}\n「非人！悪魔！鬼！人殺し、人殺し、人殺し！」#{Villain! Devil! Fiend! Murderer  murderer murderer!},「私を一人にしないでって約束した、あんなに固く約束したのに」#{And you promised you wouldn't leave me alone...},,,,,,
キャラバンの隊長,353,,caravan master,/man/,juere,gunner,humanoid,,22,100,400,,,,,cNeutral,,443,0,,0,,n*,,,,aiStand,,,,,,,Sp,,,,,,,,,,,
銀眼の斬殺者,354,,,,,,,,,,,,,,,,,,,,,,,,,,,,,,,,,,,,,,,,,,,,
街の子供,355,,,,,,,,,,,,,,,,,,,,,,,,,,,,,,,,,,,,,,,,,,,,
妹団の頭領,356,,,,,,,,,,,,,,,,,105,0,,,,,,,,,,,,,,,,,,,,,,,,,,
妹団の用心棒,357,,,,,,,,,,,,,,,,,105,0,,,,,,,,,,,,,,,,,,,,,,,,,,
妹団の殺し屋,358,,,,,,,,,,,,,,,,,105,0,,,,,,,,,,,,,,,,,,,,,,,,,,
妹団の術士,359,,,,,,,,,,,,,,,,,105,0,,,,,,,,,,,,,,,,,,,,,,,,,,
少女騎士団の戦士,360,,,,,,,,,,,,,,,,,4,0,,,,,,,,,,,,,,,,,,,,,,,,,,
少女騎士団の射手,361,,,,,,,,,,,,,,,,,4,0,,,,,,,,,,,,,,,,,,,,,,,,,,
少女騎士団の魔術士,362,,,,,,,,,,,,,,,,,4,0,,,,,,,,,,,,,,,,,,,,,,,,,,
頑張るお嬢様,363,,,,,,,,,,,,,,,,,,,,,,,,,,,,,,,,,,,,,,,,,,,,
妹猫,364,,,,,,,,,,,,,,,,,,,,,,,,,,,,,,,,,,,,,,,,,,,,
黒天使,365,,,,,,,,,,,,,,,,,,,,,,,,,,,,,,,,,,,,,,,,,,,,
《癒しのジュア》,366,,<Jure>,/god/,god,priest,lich,,350,100,400,,,,,cNeutral,1,402,0,,,,,,,,,100,1,,,actEhekatl,25,SpUnique,,,,,,,,,,,
《元素のイツパロトル》,367,,<Itzpalt>,/god/,god,wizard,lich,,400,100,400,,,,,cNeutral,0,453,0,,,,,,,,,60,2,,,actInsult actGazeInsane,30,SpUnique,,,,,,,,,,,
《願いの神》,368,,<Wishing God>,/god/,god,tourist,lich,,5,100,400,,,,,cNeutral,1,454,0,,,,,,,,,,,,,,,SpUnique,,,,,,,,,,,
リトルフェアリー,369,,little fairy,,,,,,,,,,,,,,,457,0,,,,,,,,,,,,,,,,,,,,,,,,,,
モーフィー,370,,Morphy,,,,,,,,,,,,,,,458,0,,,,,,,,,,,,,,,,,,,,,,,,,,
フレアモーフィー,371,,Flare Morphy,,,,,,,,,,,,,,,458,3,,,,,,,,,,,,,,,,,,,,,,,,,,
アイスモーフィー,372,,Ice Morphy,,,,,,,,,,,,,,,458,12,,,,,,,,,,,,,,,,,,,,,,,,,,
ライトニングモーフィー,373,,Lightning Morphy,,,,,,,,,,,,,,,458,5,,,,,,,,,,,,,,,,,,,,,,,,,,
ダークモーフィー,374,,Dark Morphy,,,,,,,,,,,,,,,458,4,,,,,,,,,,,,,,,,,,,,,,,,,,
マインドモーフィー,375,,Mind Morphy,,,,,,,,,,,,,,,458,4,,,,,,,,,,,,,,,,,,,,,,,,,,
ポイズンモーフィー,376,,Poison Morphy,,,,,,,,,,,,,,,458,2,,,,,,,,,,,,,,,,,,,,,,,,,,
ネザーモーフィー,377,,Nether Morphy,,,,,,,,,,,,,,,458,15,,,,,,,,,,,,,,,,,,,,,,,,,,
サウンドモーフィー,378,,Sound Morphy,,,,,,,,,,,,,,,458,11,,,,,,,,,,,,,,,,,,,,,,,,,,
ナーブモーフィー,379,,Nerve Morphy,,,,,,,,,,,,,,,458,9,,,,,,,,,,,,,,,,,,,,,,,,,,
カオスモーフィー,380,,Nerve Morphy,,,,,,,,,,,,,,,458,18,,,,,,,,,,,,,,,,,,,,,,,,,,
トレジャーハンター『モルフィ』,381,,<Morpheme> the hunter,,,,,,,,,,,,,,,459,0,,,,,,,,,,,,,,,,,,,,,,,,,,
スライムガール,382,,Slime Girl,,,,,,,,,,,,,,,460,0,,,,,,,,,,,,,,,,,,,,,,,,,,
ドリアード,383,,Driard,,,,,,,,,,,,,,,461,0,,,,,,,,,,,,,,,,,,,,,,,,,,
サキュバス,384,,Succubus,,,,,,,,,,,,,,,501,0,,,,,,,,,,,,,,,,,,,,,,,,,,
ラビットイヤーシーフ,385,,Succubus,,,,,,,,,,,,,,,502,0,,,,,,,,,,,,,,,,,,,,,,,,,,
娼婦ギルドの新人『ミナ』,386,,<Mina> the Newcomer to Guild,,,,,,,,,,,,,,,503,0,,,,,,,,,,,,,,,,,,,,,,,,,,
輝く船長『タイフ』,387,,<Taif> the Captain Shining,,,,,,,,,,,,,,,120,0,,,,,,,,,,,,,,,,,,,,,,,,,,
厄介者『ナインダ』,388,,<Nineda> the Dependent,,,,,,,,,,,,,,,504,0,,,,,,,,,,,,,,,,,,,,,,,,,,
ただ待っている『フェン』,389,,just waiting <Fen>,,,,,,,,,,,,,,,505,0,,,,,,,,,,,,,,,,,,,,,,,,,,
フェンのお父さん『トゥル』,390,,<True> the Fen's father,,,,,,,,,,,,,,,99,0,,,,,,,,,,,,,,,,,,,,,,,,,,
化学者『ニト』,391,,<Nito> the chemist,,,,,,,,,,,,,,,506,0,,,,,,,,,,,,,,,,,,,,,,,,,,
遺跡荒らし『ジェン』,392,,<Jen> the thief,,,,,,,,,,,,,,,507,0,,,,,,,,,,,,,,,,,,,,,,,,,,
犠牲の代弁者『アオクス』,393,,<Aocus> the voice of sacrifice,,,,,,,,,,,,,,,507,0,,,,,,,,,,,,,,,,,,,,,,,,,,
メデューサガール,394,,Medusa Girl,,,,,,,,,,,,,,,509,0,,,,,,,,,,,,,,,,,,,,,,,,,,
ハイメデューサガール,395,,High Medusa Girl,,,,,,,,,,,,,,,509,3,,,,,,,,,,,,,,,,,,,,,,,,,,
ファイアスピリット,396,,fire spirit,,,,,,,,,,,,,,,510,3,,,,,,,,,,,,,,,,,,,,,,,,,,
アイススピリット,397,,fire spirit,,,,,,,,,,,,,,,510,17,,,,,,,,,,,,,,,,,,,,,,,,,,
ストーンスピリット,398,,stone spirit,,,,,,,,,,,,,,,510,15,,,,,,,,,,,,,,,,,,,,,,,,,,
ライトニングスピリット,399,,lightning spirit,,,,,,,,,,,,,,,510,5,,,,,,,,,,,,,,,,,,,,,,,,,,
『プリン』,400,,<pudding>,,,,,,,,,,,,,,,444,0,,,,,,,,,,,,,,,,,,,,,,,,,,
